structureRankPerFormula	formulaRank	ConfidenceScore	CSI:FingerIDScore	molecularFormula	adduct	InChIkey2D	InChI	name	smiles	xlogp	pubchemids	links	dbflags
1	1	0.5583158899910748	-78.30258753597438	C11H21NO7	[M + H]+	OANCGDPJMNPBDV	InChI=1S/C11H21NO7/c1-5(2)7(10(16)17)12-4-11(18)9(15)8(14)6(3-13)19-11/h5-9,12-15,18H,3-4H2,1-2H3,(H,16,17)	null	CC(C)C(C(=O)O)NCC1(C(C(C(O1)CO)O)O)O	-3.4000001	102102398;131752247	COCONUT:(CNP0002754);HMDB:(37844);PubChem:(102102398 131752247);PubChem class - bio and metabolites	18874378
2	1	N/A	-160.1081372927197	C11H21NO7	[M + H]+	JEQHVKBNRPNQDY	InChI=1S/C11H21NO7/c1-5(2)8(11(18)19)12-3-6(14)9(16)10(17)7(15)4-13/h5,7-10,12-13,15-17H,3-4H2,1-2H3,(H,18,19)	3-methyl-2-[(3,4,5,6-tetrahydroxy-2-oxohexyl)amino]butanoic acid	CC(C)C(C(=O)O)NCC(=O)C(C(C(CO)O)O)O	-4.30000019	59121301;71777427;129716961	MeSH:(71777427);PubChem:(59121301 71777427 129716961);PubMed	70
3	1	N/A	-209.43769920767272	C11H21NO7	[M + H]+	LIINVLCPIDPRPL	InChI=1S/C11H21NO7/c1-4(2)6(12)8(16)10(18)11(19)9(17)7(15)5(14)3-13/h4-7,9,11,13-15,17,19H,3,12H2,1-2H3	null	CC(C)C(C(=O)C(=O)C(C(C(C(CO)O)O)O)O)N	-3.0999999	129856135;129856165;129856168	MeSH:(129856135);PubChem:(129856135 129856165 129856168);PubMed	70
4	1	N/A	-224.6639721089796	C11H21NO7	[M + H]+	BYURRTCQJAPYFR	InChI=1S/C11H21NO7/c1-5-7(12-10(16)6(14)3-4-13)8(15)9(18-2)11(17)19-5/h5-9,11,13-15,17H,3-4H2,1-2H3,(H,12,16)	Epitope ID:130664	CC1C(C(C(C(O1)O)OC)O)NC(=O)C(CCO)O	-2.5	45266797	PubChem:(45266797);PubMed;CHEBI:(59239)	98
5	1	N/A	-232.5786264394417	C11H21NO7	[M + H]+	ASFHRCHAPWVLRF	InChI=1S/C11H21NO7/c1-5-7(12-10(17)6(14)3-4-13)8(15)9(16)11(18-2)19-5/h5-9,11,13-16H,3-4H2,1-2H3,(H,12,17)	Me Ddgtman	CC1C(C(C(C(O1)OC)O)O)NC(=O)C(CCO)O	-2.5	195194;6420753;91693041;101085995;101086009;101128012;100968919	MeSH:(195194);PubChem:(195194 6420753 91693041 101085995 101086009 101128012 100968919);PubMed	70