structureRankPerFormula	formulaRank	ConfidenceScore	CSI:FingerIDScore	molecularFormula	adduct	InChIkey2D	InChI	name	smiles	xlogp	pubchemids	links	dbflags
1	1	0.6508346730773729	-0.37628530964147694	C24H50NO7P	[M + H]+	ASWBNKHCZGQVJV	InChI=1S/C24H50NO7P/c1-5-6-7-8-9-10-11-12-13-14-15-16-17-18-24(27)30-21-23(26)22-32-33(28,29)31-20-19-25(2,3)4/h23,26H,5-22H2,1-4H3/p+1	1-16:0-lysoPC	CCCCCCCCCCCCCCCC(=O)OCC(COP(=O)(O)OCC[N+](C)(C)C)O	5.5999999	86554;86555;460602;460603;5313979;10097314;71751445;71751446;124202819;124202820;136212657;136212658	HMDB:(10382 62541);SuperNatural:(SN00036442 SN00036458);ZINC bio:(ZINC08214423 ZINC08219063);additional;MeSH:(86554 460602);Plantcyc:(CPD-8343);PubMed;Lipid:(LPC(16:0));COCONUT:(CNP0123091 CNP0346626);Natural Products:(UNPD14479 UNPD24099);PubChem:(86554 86555 460602 460603 5313979 10097314 71751445 71751446 124202819 124202820 136212657 136212658);CHEBI:(72998 28468);PubChem class - bio and metabolites;KEGG:(C04102);PubChem class - safety and toxic;YMDB:(1179);Training Set;Biocyc:(CPD-8343)	4382779758
2	1	N/A	-58.576406419167796	C24H50NO7P	[M + H]+	GEWUBFCXNZWHKH	InChI=1S/C24H50NO7P/c1-2-3-4-5-6-7-8-9-10-11-12-13-14-15-16-17-18-24(27)30-21-23(26)22-32-33(28,29)31-20-19-25/h23,26H,2-22,25H2,1H3,(H,28,29)	1-nonadecanoyl-glycero-3-phosphoethanolamine	CCCCCCCCCCCCCCCCCCC(=O)OCC(COP(=O)(O)OCCN)O	4.0	52925147;75958075	PubChem:(52925147 75958075);CHEBI:(138535)	34
3	1	N/A	-60.366066733785175	C24H50NO7P	[M + H]+	NEGQHKSYEYVFTD	InChI=1S/C24H50NO7P/c1-5-6-7-8-9-10-11-12-13-14-15-16-17-18-24(27)32-23(21-26)22-31-33(28,29)30-20-19-25(2,3)4/h23,26H,5-22H2,1-4H3/p+1	2-palmitoyllysophosphatidylcholine	CCCCCCCCCCCCCCCC(=O)OC(CO)COP(=O)(O)OCC[N+](C)(C)C	5.5999999	9546666;9546667;9827122;15061532;18684059;18684060	COCONUT:(CNP0082572);HMDB:(61702 240262);PubChem:(9546666 9546667 9827122 15061532 18684059 18684060);YMDB Mine;CHEBI:(76078);ZINC bio:(ZINC72400272);PubChem class - bio and metabolites;PubMed	34378621034
4	1	N/A	-68.2369069176435	C24H50NO7P	[M + H]+	HEALIQQDEGDSLS	InChI=1S/C24H50NO7P/c1-6-7-8-9-10-11-12-13-14-15-16-17-19-29-21-24(32-23(2)26)22-31-33(27,28)30-20-18-25(3,4)5/h24H,6-22H2,1-5H3/p+1	1-tetradecyl-2-acetyl-sn-glycero-3-phosphocholine	CCCCCCCCCCCCCCOCC(COP(=O)(O)OCC[N+](C)(C)C)OC(=O)C	5.5	5313864;5313865;10553288;10672987;10672988;24779282;102144982	PubChem:(5313864 5313865 10553288 10672987 10672988 24779282 102144982);CHEBI:(78101)	34
5	1	N/A	-253.03254026072824	C24H50NO7P	[M + H]+	UDPBJAJIZZTTJS	InChI=1S/C24H50NO7P/c1-3-5-7-8-9-10-11-12-13-14-15-17-18-22(26)24(28)21(20-32-33(29,30)31)25-23(27)19-16-6-4-2/h21-22,24,26,28H,3-20H2,1-2H3,(H,25,27)(H2,29,30,31)	null	CCCCCCCCCCCCCCC(C(C(COP(=O)(O)O)NC(=O)CCCCC)O)O	5.69999981	92136141;92136142	PubChem:(92136141 92136142);CHEBI:(90165 88096)	34