structureRankPerFormula	formulaRank	ConfidenceScore	CSI:FingerIDScore	molecularFormula	adduct	InChIkey2D	InChI	name	smiles	xlogp	pubchemids	links	dbflags
1	1	0.22068304690321336	-17.63733346124457	C16H12O6	[M + H]+	IHFBPDAQLQOCBX	InChI=1S/C16H12O6/c1-21-16-11(19)7-13-14(15(16)20)10(18)6-12(22-13)8-2-4-9(17)5-3-8/h2-7,17,19-20H,1H3	Dinatin	COC1=C(C2=C(C=C1O)OC(=CC2=O)C3=CC=C(C=C3)O)O	2.22187972	5281628	HMDB:(128581);SuperNatural:(SN00013624);ZINC bio:(ZINC05732241);additional;MeSH:(5281628);PubMed;COCONUT:(CNP0096417 CNP0142251);KNApSAcK:(1050);Natural Products:(UNPD27109);PubChem:(5281628);CHEBI:(75902);PubChem class - bio and metabolites;KEGG:(C10058);PubChem class - safety and toxic;Training Set	87613822
2	1	N/A	-27.265382465960002	C16H12O6	[M + H]+	MBNGWHIJMBWFHU	InChI=1S/C16H12O6/c1-21-13-3-2-8(4-10(13)18)14-7-12(20)16-11(19)5-9(17)6-15(16)22-14/h2-7,17-19H,1H3	Diosmetin	COC1=C(C=C(C=C1)C2=CC(=O)C3=C(C=C(C=C3O2)O)O)O	2.22187972	5281612;46781386;49849634	HMDB:(29676);SuperNatural:(SN00013642);ZINC bio:(ZINC05733652);additional;HSDB:(520-34-3);MeSH:(5281612);PubMed;NORMAN:(NS00014641);COCONUT:(CNP0159561 CNP0246782);KNApSAcK:(1036);Natural Products:(UNPD113143);PubChem:(5281612 46781386 49849634);CHEBI:(4630);PubChem class - bio and metabolites;KEGG:(C10038);PubChem class - safety and toxic;Training Set;Biocyc:(CPD-20639)	87878526
3	1	N/A	-29.329562330768702	C16H12O6	[M + H]+	OBBCRPUNCUPUOS	InChI=1S/C16H12O6/c1-21-16-11(18)6-12-13(15(16)20)14(19)10(7-22-12)8-2-4-9(17)5-3-8/h2-7,17-18,20H,1H3	Tectorigenin	COC1=C(C2=C(C=C1O)OC=C(C2=O)C3=CC=C(C=C3)O)O	2.5999999	5281811	HMDB:(42024);SuperNatural:(SN00001857);ZINC bio:(ZINC00899915);additional;MeSH:(5281811);PubMed;COCONUT:(CNP0224875 CNP0388134);KNApSAcK:(2577);Natural Products:(UNPD108275);PubChem:(5281811);CHEBI:(9429);PubChem class - bio and metabolites;KEGG:(C10534);PubChem class - safety and toxic	87597438
4	1	N/A	-29.676732293160015	C16H12O6	[M + H]+	UWARRXZVZDFPQU	InChI=1S/C16H12O6/c1-21-13-7-12-14(16(20)15(13)19)10(18)6-11(22-12)8-2-4-9(17)5-3-8/h2-7,17,19-20H,1H3	Sorbifolin	COC1=C(C(=C2C(=C1)OC(=CC2=O)C3=CC=C(C=C3)O)O)O	2.22187972	3084390	COCONUT:(CNP0290092);KNApSAcK:(3835);Natural Products:(UNPD21043);PubChem:(3084390);SuperNatural:(SN00374701);PubChem class - bio and metabolites;Plantcyc:(CPD-15630);PubMed;Biocyc:(CPD-15630);KEGG Mine	8610023506
5	1	N/A	-30.693470832614025	C16H12O6	[M + H]+	VHNWVABJHPRFGC	InChI=1S/C16H12O6/c1-21-16-11(19)7-13-14(15(16)20)10(18)6-12(22-13)8-4-2-3-5-9(8)17/h2-7,17,19-20H,1H3	5,7,2''-Trihydroxy-6-methoxyflavone	COC1=C(C2=C(C=C1O)OC(=CC2=O)C3=CC=CC=C3O)O	2.5999999	5322076	COCONUT:(CNP0221044);HMDB:(137306);KNApSAcK:(3833);Natural Products:(UNPD109933);PubChem:(5322076);SuperNatural:(SN00159131);CHEBI:(69541);PubChem class - bio and metabolites;PubMed	19955834
6	1	N/A	-35.39443941425678	C16H12O6	[M + H]+	XVMMEYCPXZYLAI	InChI=1S/C16H12O6/c1-21-9-4-2-8(3-5-9)12-6-10(17)14-13(22-12)7-11(18)15(19)16(14)20/h2-7,18-20H,1H3	Scutellarein 4''-methyl ether	COC1=CC=C(C=C1)C2=CC(=O)C3=C(O2)C=C(C(=C3O)O)O	2.22187972	11174076	COCONUT:(CNP0228332);KNApSAcK:(3836);Natural Products:(UNPD63132);PubChem:(11174076);SuperNatural:(SN00037125);ZINC bio:(ZINC14813963);additional;Training Set;PubMed;KEGG Mine	8593662034
7	1	N/A	-36.1880094814686	C16H12O6	[M + H]+	SCZVLDHREVKTSH	InChI=1S/C16H12O6/c1-21-14-4-8(2-3-10(14)18)13-7-12(20)16-11(19)5-9(17)6-15(16)22-13/h2-7,17-19H,1H3	Chryseriol	COC1=C(C=CC(=C1)C2=CC(=O)C3=C(C=C(C=C3O2)O)O)O	2.22187972	5280666;25203524;71314865	HMDB:(30667);SuperNatural:(SN00001594);ZINC bio:(ZINC00519621);additional;MeSH:(5280666);Plantcyc:(574-TRIHYDROXY-3-METHOXYFLAVONE);PubMed;NORMAN:(NS00031865);COCONUT:(CNP0095391 CNP0223782 CNP0310242);KNApSAcK:(1029);Natural Products:(UNPD79322);PubChem:(5280666 25203524 71314865);CHEBI:(57799 16514);PubChem class - bio and metabolites;KEGG:(C04293);Training Set;Biocyc:(574-TRIHYDROXY-3-METHOXYFLAVONE)	20900222
8	1	N/A	-38.382545911913404	C16H12O6	[M + H]+	SRXIDIOVDWRHPY	InChI=1S/C16H12O6/c1-21-16-11(18)6-12-13(15(16)20)14(19)9(7-22-12)8-4-2-3-5-10(8)17/h2-7,17-18,20H,1H3	5,7-dihydroxy-3-(2-hydroxyphenyl)-6-methoxychromen-4-one	COC1=C(C2=C(C=C1O)OC=C(C2=O)C3=CC=CC=C3O)O	2.5999999	5491551	COCONUT:(CNP0106702);KNApSAcK:(46035);Natural Products:(UNPD41867);PubChem:(5491551);SuperNatural:(SN00387448);MeSH:(5491551);PubMed	3178582
9	1	N/A	-40.36789512714619	C16H12O6	[M + H]+	DXRCZIARKKLMLL	InChI=1S/C16H12O6/c1-21-9-4-2-8(3-5-9)10-7-22-12-6-11(17)15(19)16(20)13(12)14(10)18/h2-7,17,19-20H,1H3	null	COC1=CC=C(C=C1)C2=COC3=C(C2=O)C(=C(C(=C3)O)O)O	2.5999999	9814826	COCONUT:(CNP0152127);HMDB:(129956);Natural Products:(UNPD179612);PubChem:(9814826);SuperNatural:(SN00377967);PubChem class - bio and metabolites;MeSH:(9814826);PubMed;KEGG Mine	8609890382
10	1	N/A	-41.26462713858162	C16H12O6	[M + H]+	KLNBBKIODNMWNW	InChI=1S/C16H12O6/c1-21-16-14-10(18)6-12(8-2-4-9(17)5-3-8)22-13(14)7-11(19)15(16)20/h2-7,17,19-20H,1H3	null	COC1=C(C(=CC2=C1C(=O)C=C(O2)C3=CC=C(C=C3)O)O)O	2.22187972	71495663	HMDB:(128586);PubChem:(71495663);PubMed;KEGG Mine;PubChem class - bio and metabolites	8606711882
11	1	N/A	-41.368961162684094	C16H12O6	[M + H]+	PVUYNAPZRICYPA	InChI=1S/C16H12O6/c1-21-12-6-11-13(16(20)15(12)19)14(18)10(7-22-11)8-2-4-9(17)5-3-8/h2-7,17,19-20H,1H3	null	COC1=C(C(=C2C(=C1)OC=C(C2=O)C3=CC=C(C=C3)O)O)O	2.5999999	14825802	COCONUT:(CNP0187447);KNApSAcK:(19366);Natural Products:(UNPD117655);PubChem:(14825802);SuperNatural:(SN00379664);KEGG Mine	8593113106
12	1	N/A	-44.0809247119984	C16H12O6	[M + H]+	OZPMKAZMPNDLKX	InChI=1S/C16H12O6/c1-21-14-5-9(17)6-15-16(14)12(20)7-13(22-15)8-2-3-10(18)11(19)4-8/h2-7,17-19H,1H3	Luteolin 5-methyl ether	COC1=CC(=CC2=C1C(=O)C=C(O2)C3=CC(=C(C=C3)O)O)O	2.22187972	13964550	COCONUT:(CNP0268505);KNApSAcK:(3864);Natural Products:(UNPD193086);PubChem:(13964550);SuperNatural:(SN00298292);PubMed;KEGG Mine	8593113170
13	1	N/A	-47.35444594922941	C16H12O6	[M + H]+	LRNRQMWSQCDOEO	InChI=1S/C16H12O6/c1-21-9-4-2-3-8(5-9)12-6-10(17)14-13(22-12)7-11(18)15(19)16(14)20/h2-7,18-20H,1H3	null	COC1=CC=CC(=C1)C2=CC(=O)C3=C(O2)C=C(C(=C3O)O)O	2.5999999	86039036	HMDB:(130327);PubChem:(86039036);PubChem class - bio and metabolites	16777226
14	1	N/A	-48.65125546151728	C16H12O6	[M + H]+	KOYNRSOHGXLRDW	InChI=1S/C16H12O6/c1-21-13-7-11(19)14-10(18)6-12(22-16(14)15(13)20)8-2-4-9(17)5-3-8/h2-7,17,19-20H,1H3	Isocutellarein 7-methyl ether	COC1=C(C2=C(C(=C1)O)C(=O)C=C(O2)C3=CC=C(C=C3)O)O	2.22187972	22125740	COCONUT:(CNP0319972);KNApSAcK:(3849);Natural Products:(UNPD80775);PubChem:(22125740);SuperNatural:(SN00397036);KEGG Mine	8593113106
15	1	N/A	-48.83756037054553	C16H12O6	[M + H]+	HYBBOIHJQNYTGH	InChI=1S/C16H12O6/c1-21-16-9(17)7-10-11(13(16)19)12(18)14(20)15(22-10)8-5-3-2-4-6-8/h2-7,17,19-20H,1H3	alnusin	COC1=C(C2=C(C=C1O)OC(=C(C2=O)O)C3=CC=CC=C3)O	2.79999995	12305751	COCONUT:(CNP0379915);KNApSAcK:(4543);Natural Products:(UNPD174823);PubChem:(12305751);SuperNatural:(SN00401809);PubMed	3178578
16	1	N/A	-49.01179233084831	C16H12O6	[M + H]+	GFHGMPAUUMPHET	InChI=1S/C16H12O6/c1-21-16-11(19)7-13-14(15(16)20)10(18)6-12(22-13)8-3-2-4-9(17)5-8/h2-7,17,19-20H,1H3	null	COC1=C(C2=C(C=C1O)OC(=CC2=O)C3=CC(=CC=C3)O)O	2.22187972	10334938	COCONUT:(CNP0330960);HMDB:(137307);Natural Products:(UNPD117674);PubChem:(10334938);SuperNatural:(SN00254536);PubChem class - bio and metabolites	19955722
17	1	N/A	-50.8121661487121	C16H12O6	[M + H]+	DXCJDOXICXPVHQ	InChI=1S/C16H12O6/c1-21-12-4-2-3-9(18)16(12)14-7-11(20)15-10(19)5-8(17)6-13(15)22-14/h2-7,17-19H,1H3	5,7,2''-Trihydroxy-6''-methoxyflavone	COC1=CC=CC(=C1C2=CC(=O)C3=C(C=C(C=C3O2)O)O)O	2.22187972	13889369	COCONUT:(CNP0263545);KNApSAcK:(3863);Natural Products:(UNPD150780);PubChem:(13889369);SuperNatural:(SN00359925)	3178514
18	1	N/A	-51.02147159218799	C16H12O6	[M + H]+	VJJZJBUCDWKPLC	InChI=1S/C16H12O6/c1-21-16-14(20)13-11(19)6-10(18)7-12(13)22-15(16)8-2-4-9(17)5-3-8/h2-7,17-19H,1H3	Isokaempferide	COC1=C(OC2=CC(=CC(=C2C1=O)O)O)C3=CC=C(C=C3)O	2.19950652	5280862	SuperNatural:(SN00013625);ZINC bio:(ZINC05732268);additional;MeSH:(5280862);Plantcyc:(CPD-14950);PubMed;COCONUT:(CNP0099532 CNP0302990);KNApSAcK:(1062);Natural Products:(UNPD59371);PubChem:(5280862);YMDB Mine;CHEBI:(1579);PubChem class - bio and metabolites;KEGG:(C05902);PubChem class - safety and toxic;Training Set;Biocyc:(CPD-14950)	34447485302
19	1	N/A	-52.91897773562839	C16H12O6	[M + H]+	SQFSKOYWJBQGKQ	InChI=1S/C16H12O6/c1-21-10-4-2-8(3-5-10)16-15(20)14(19)13-11(18)6-9(17)7-12(13)22-16/h2-7,17-18,20H,1H3	Campheride	COC1=CC=C(C=C1)C2=C(C(=O)C3=C(C=C(C=C3O2)O)O)O	2.19950652	5281666;25201489	HMDB:(37441);SuperNatural:(SN00014100);ZINC bio:(ZINC06411540);additional;MeSH:(5281666);Plantcyc:(CPD-7252);PubMed;NORMAN:(NS00031862);COCONUT:(CNP0097541 CNP0291526 CNP0364792);KNApSAcK:(1060);Natural Products:(UNPD95813);PubChem:(5281666 25201489);YMDB Mine;CHEBI:(6099 58925);PubChem class - bio and metabolites;KEGG:(C10098);Training Set;Biocyc:(CPD-7252)	34380638590
20	1	N/A	-55.18937655732671	C16H12O6	[M + H]+	OEZZJTAJYYSQKM	InChI=1S/C16H12O6/c1-21-15-12(20)6-10(18)14-11(19)7-13(22-16(14)15)8-2-4-9(17)5-3-8/h2-7,17-18,20H,1H3	4''-Hydroxywogonin	COC1=C(C=C(C2=C1OC(=CC2=O)C3=CC=C(C=C3)O)O)O	2.22187972	5322078	COCONUT:(CNP0186678 CNP0320644);KNApSAcK:(3850);Natural Products:(UNPD81667);PubChem:(5322078);SuperNatural:(SN00157654);MeSH:(5322078);PubMed;KEGG Mine	8593113174
21	1	N/A	-55.93571655318209	C16H12O6	[M + H]+	RRRSSAVLTCVNIQ	InChI=1S/C16H12O6/c1-21-9-5-12(19)16-13(20)7-14(22-15(16)6-9)8-2-3-10(17)11(18)4-8/h2-7,17-19H,1H3	7-O-Methylluteolin	COC1=CC(=C2C(=C1)OC(=CC2=O)C3=CC(=C(C=C3)O)O)O	2.22187972	5318214	HMDB:(37339);SuperNatural:(SN00021074);ZINC bio:(ZINC14813714);additional;MeSH:(5318214);PubMed;COCONUT:(CNP0394762 CNP0419199);Natural Products:(UNPD183208);PubChem:(5318214);PubChem class - bio and metabolites;Training Set;KEGG Mine	8610439246
22	1	N/A	-56.15957505963612	C16H12O6	[M + H]+	OZEVXMDBOINMTC	InChI=1S/C16H12O6/c1-21-9-2-3-10(12(18)6-9)11-7-22-14-5-8(17)4-13(19)15(14)16(11)20/h2-7,17-19H,1H3	Dehydroferreirin	COC1=CC(=C(C=C1)C2=COC3=CC(=CC(=C3C2=O)O)O)O	2.5999999	5282075	COCONUT:(CNP0172675);HMDB:(134009);KNApSAcK:(9457);Natural Products:(UNPD163253);PubChem:(5282075);SuperNatural:(SN00344456);CHEBI:(31064);PubChem class - bio and metabolites;KEGG:(C12135);PubMed	19956090
23	1	N/A	-56.76378882696209	C16H12O6	[M + H]+	ZWWRUVANJRMPKX	InChI=1S/C16H12O6/c1-21-11-6-10(18)7-12-13(11)14(19)15(20)16(22-12)8-2-4-9(17)5-3-8/h2-7,17-18,20H,1H3	Kaempferol 5-methyl ether	COC1=CC(=CC2=C1C(=O)C(=C(O2)C3=CC=C(C=C3)O)O)O	2.19950652	5319694	COCONUT:(CNP0300748);KNApSAcK:(4566);Natural Products:(UNPD5680);PubChem:(5319694);SuperNatural:(SN00159240);YMDB Mine;KEGG Mine	42952851474
24	1	N/A	-56.82564413756937	C16H12O6	[M + H]+	NKSITEVSJGHWCO	InChI=1S/C16H12O6/c1-21-13-7-11(19)14-10(18)6-12(22-16(14)15(13)20)8-4-2-3-5-9(8)17/h2-7,17,19-20H,1H3	5,8,2''-Trihydroxy-7-methoxyflavone	COC1=C(C2=C(C(=C1)O)C(=O)C=C(O2)C3=CC=CC=C3O)O	2.5999999	156992	COCONUT:(CNP0363697);KNApSAcK:(3842);Natural Products:(UNPD148722);PubChem:(156992);SuperNatural:(SN00157670)	3178514
25	1	N/A	-59.0909390008286	C16H12O6	[M + H]+	FPIOBTBNRZPWJW	InChI=1S/C16H12O6/c1-21-13-3-2-8(4-11(13)18)10-7-22-14-6-9(17)5-12(19)15(14)16(10)20/h2-7,17-19H,1H3	pratensin	COC1=C(C=C(C=C1)C2=COC3=CC(=CC(=C3C2=O)O)O)O	2.5999999	5281803;25201808	HMDB:(30617);SuperNatural:(SN00157843);additional;MeSH:(5281803);Plantcyc:(CPD-3622);PubMed;COCONUT:(CNP0086065 CNP0120850);KNApSAcK:(2563);Natural Products:(UNPD194637);PubChem:(5281803 25201808);CHEBI:(8359 61323);PubChem class - bio and metabolites;KEGG:(C10520);Training Set;Biocyc:(CPD-3622)	20629886
26	1	N/A	-60.07894077928649	C16H12O6	[M + H]+	FIYPYRNWAKRRIU	InChI=1S/C16H12O6/c1-21-9-4-2-8(3-5-9)13-7-11(18)14-10(17)6-12(19)15(20)16(14)22-13/h2-7,17,19-20H,1H3	Takakin	COC1=CC=C(C=C1)C2=CC(=O)C3=C(O2)C(=C(C=C3O)O)O	2.22187972	44258588	COCONUT:(CNP0321840);HMDB:(30659);KNApSAcK:(3851);Natural Products:(UNPD6284);PubChem:(44258588);SuperNatural:(SN00373928);PubChem class - bio and metabolites;PubMed;KEGG Mine	8609890394
27	1	N/A	-63.363765233378835	C16H12O6	[M + H]+	XCBMYKIKEHGYAR	InChI=1S/C16H12O6/c1-21-15-12(20)6-10(18)14-11(19)7-13(22-16(14)15)8-4-2-3-5-9(8)17/h2-7,17-18,20H,1H3	Scutevulin	COC1=C(C=C(C2=C1OC(=CC2=O)C3=CC=CC=C3O)O)O	2.5999999	5321205	COCONUT:(CNP0319017);KNApSAcK:(3843);Natural Products:(UNPD79527);PubChem:(5321205);SuperNatural:(SN00159134);PubMed;KEGG Mine	8593113170
28	1	N/A	-63.740071336524124	C16H12O6	[M + H]+	XOYYLUDQRGDBQP	InChI=1S/C16H12O6/c1-21-13-5-8(17)2-3-10(13)14-7-12(20)16-11(19)4-9(18)6-15(16)22-14/h2-7,17-19H,1H3	null	COC1=C(C=CC(=C1)O)C2=CC(=O)C3=C(C=C(C=C3O2)O)O	2.22187972	101608526	COCONUT:(CNP0112004);Natural Products:(UNPD3056);PubChem:(101608526);SuperNatural:(SN00360037)	3178498
29	1	N/A	-65.40334328706686	C16H12O6	[M + H]+	TUZLEBVVIBIUOK	InChI=1S/C16H12O6/c1-21-15-5-9-14(6-13(15)19)22-7-10(16(9)20)8-2-3-11(17)12(18)4-8/h2-7,17-19H,1H3	null	COC1=C(C=C2C(=C1)C(=O)C(=CO2)C3=CC(=C(C=C3)O)O)O	2.0999999	101341526	HMDB:(141215);PubChem:(101341526);KEGG Mine;PubChem class - bio and metabolites	8606711818
30	1	N/A	-66.77524366331016	C16H12O6	[M + H]+	VSHICDFQSGJNPK	InChI=1S/C16H12O6/c1-7-10(18)5-14-15(16(7)21)12(20)6-13(22-14)8-2-3-9(17)11(19)4-8/h2-6,17-19,21H,1H3	6-Methylluteolin	CC1=C(C2=C(C=C1O)OC(=CC2=O)C3=CC(=C(C=C3)O)O)O	2.29552817	15293760	COCONUT:(CNP0153638);KNApSAcK:(13388);Natural Products:(UNPD146742);PubChem:(15293760);SuperNatural:(SN00240888);ZINC bio:(ZINC14761164);PubMed;KEGG Mine	8593121362
31	1	N/A	-67.44146745149344	C16H12O6	[M + H]+	UYLQOGTYNFVQQX	InChI=1S/C16H12O6/c1-21-15-12(19)6-11(18)13-14(20)10(7-22-16(13)15)8-2-4-9(17)5-3-8/h2-7,17-19H,1H3	Isotectorigenin	COC1=C(C=C(C2=C1OC=C(C2=O)C3=CC=C(C=C3)O)O)O	2.5999999	5353911	COCONUT:(CNP0133753);KNApSAcK:(9460);Natural Products:(UNPD66254);PubChem:(5353911);SuperNatural:(SN00294036);ZINC bio:(ZINC03874807);MeSH:(5353911);PubChem class - safety and toxic;PubMed	70295638
32	1	N/A	-68.01356601633726	C16H12O6	[M + H]+	ZMFBGWWGXBNJAC	InChI=1S/C16H12O6/c1-21-13-4-8(2-3-11(13)18)10-7-22-14-6-9(17)5-12(19)15(14)16(10)20/h2-7,17-19H,1H3	3''-O-Methylorobol	COC1=C(C=CC(=C1)C2=COC3=CC(=CC(=C3C2=O)O)O)O	2.5999999	5319744	COCONUT:(CNP0137058);HMDB:(140564);KNApSAcK:(9458);Natural Products:(UNPD195197);PubChem:(5319744);SuperNatural:(SN00156694);CHEBI:(70032);PubChem class - bio and metabolites;MeSH:(5319744);PubMed;KEGG Mine	8609890430
33	1	N/A	-70.92283539869274	C16H12O6	[M + H]+	XUBYZJHAYIWTHA	InChI=1S/C16H12O6/c1-7-4-8(2-3-9(7)17)12-5-10(18)14-13(22-12)6-11(19)15(20)16(14)21/h2-6,17,19-21H,1H3	null	CC1=C(C=CC(=C1)C2=CC(=O)C3=C(C(=C(C=C3O2)O)O)O)O	2.29552817	""	COCONUT:(CNP0416784);Natural Products:(UNPD180119);SuperNatural:(SN00303951);KEGG Mine	8593113088
34	1	N/A	-71.34445260446192	C16H12O6	[M + H]+	AXVVJQZAKNNTPN	InChI=1S/C16H12O6/c1-21-16-12(18)11-9(17)7-10(8-5-3-2-4-6-8)22-15(11)13(19)14(16)20/h2-7,18-20H,1H3	null	COC1=C(C(=C2C(=C1O)C(=O)C=C(O2)C3=CC=CC=C3)O)O	2.5999999	86161426	PubChem:(86161426);PubChem class - bio and metabolites	16777218
35	1	N/A	-72.15486366240569	C16H12O6	[M + H]+	JBIGARFDYCYWDH	InChI=1S/C16H12O6/c1-21-14-3-2-8(4-13(14)20)15-6-10(17)9-5-11(18)12(19)7-16(9)22-15/h2-7,18-20H,1H3	null	COC1=C(C=C(C=C1)C2=CC(=O)C3=CC(=C(C=C3O2)O)O)O	2.0999999	131837239	HMDB:(133310);PubChem:(131837239);PubChem class - bio and metabolites	16777226
36	1	N/A	-72.70973834221262	C16H12O6	[M + H]+	SKFRLAKORAYOJO	InChI=1S/C16H12O6/c1-21-10-7-9(17)11-13(19)14(20)15(22-16(11)12(10)18)8-5-3-2-4-6-8/h2-7,17-18,20H,1H3	8-Hydroxygalangin 7-methyl ether	COC1=C(C2=C(C(=C1)O)C(=O)C(=C(O2)C3=CC=CC=C3)O)O	2.79999995	44259912	COCONUT:(CNP0298781);KNApSAcK:(4553);Natural Products:(UNPD54595);PubChem:(44259912);SuperNatural:(SN00225828)	3178514
37	1	N/A	-73.62861993007998	C16H12O6	[M + H]+	JNJLRXUXPJHPCK	InChI=1S/C16H12O6/c1-21-13-5-8(17)2-3-10(13)11-7-22-14-6-9(18)4-12(19)15(14)16(11)20/h2-7,17-19H,1H3	null	COC1=C(C=CC(=C1)O)C2=COC3=CC(=CC(=C3C2=O)O)O	2.5999999	44264432	COCONUT:(CNP0234342);KNApSAcK:(19382);Natural Products:(UNPD120391);PubChem:(44264432);SuperNatural:(SN00261419);PubMed;KEGG Mine	8593113170
38	1	N/A	-77.36339893723061	C16H12O6	[M + H]+	RQJGBVDTAFXEIJ	InChI=1S/C16H12O6/c1-7-15(21)14-12(20)5-9(17)6-13(14)22-16(7)8-2-3-10(18)11(19)4-8/h2-6,17-20H,1H3	querticin	CC1=C(OC2=CC(=CC(=C2C1=O)O)O)C3=CC(=C(C=C3)O)O	2.16648412	15661823	COCONUT:(CNP0102699);Natural Products:(UNPD5123);PubChem:(15661823);SuperNatural:(SN00011115);CHEBI:(74776);ZINC bio:(ZINC04349582);KEGG Mine	8593121314
39	1	N/A	-77.56334218647147	C16H12O6	[M + H]+	QDJDVHHJAKIOIR	InChI=1S/C16H12O6/c1-21-14-3-2-8(4-13(14)19)10-7-22-15-6-12(18)11(17)5-9(15)16(10)20/h2-7,17-19H,1H3	null	COC1=C(C=C(C=C1)C2=COC3=CC(=C(C=C3C2=O)O)O)O	2.0999999	16743455	COCONUT:(CNP0316159);Natural Products:(UNPD75567);PubChem:(16743455);SuperNatural:(SN00364561);KEGG Mine	8593113090
40	1	N/A	-78.14797215096405	C16H12O6	[M + H]+	KESASZWFAYMSJZ	InChI=1S/C16H12O6/c1-21-11-5-3-2-4-9(11)16-15(20)14(19)13-10(18)6-8(17)7-12(13)22-16/h2-7,17-18,20H,1H3	Ptaeroxylol	COC1=CC=CC=C1C2=C(C(=O)C3=C(C=C(C=C3O2)O)O)O	2.19950652	12314737	COCONUT:(CNP0266609);KNApSAcK:(4564);Natural Products:(UNPD159915);PubChem:(12314737);SuperNatural:(SN00277086);KEGG Mine	8593113106
41	1	N/A	-79.24785943802209	C16H12O6	[M + H]+	NAENHANDGVDMPA	InChI=1S/C16H12O6/c1-21-15-10(18)7-9(17)11-12(19)13(20)14(22-16(11)15)8-5-3-2-4-6-8/h2-7,17-18,20H,1H3	8-Methoxygalangin	COC1=C(C=C(C2=C1OC(=C(C2=O)O)C3=CC=CC=C3)O)O	2.79999995	5378234	COCONUT:(CNP0323288);HMDB:(132137);Natural Products:(UNPD85166);PubChem:(5378234);SuperNatural:(SN00319865);PubChem class - bio and metabolites;KEGG Mine	8609890314
42	1	N/A	-79.78467936219211	C16H12O6	[M + H]+	NHMKZNNXBMLIHF	InChI=1S/C16H12O6/c1-7-10(18)6-11-12(13(7)19)14(20)15(21)16(22-11)8-2-4-9(17)5-3-8/h2-6,17-19,21H,1H3	6-C-Methylkaempferol	CC1=C(C2=C(C=C1O)OC(=C(C2=O)O)C3=CC=C(C=C3)O)O	2.27315521	44259048	COCONUT:(CNP0359869);PubChem:(44259048);YMDB Mine;PubMed;KEGG Mine	42951770178
43	1	N/A	-80.99606213341599	C16H12O6	[M + H]+	RWHPULDSKOTXCX	InChI=1S/C16H12O6/c1-21-16-9-3-5-13(8-2-4-10(17)11(18)6-8)22-14(9)7-12(19)15(16)20/h2-7H,1H3,(H3-,17,18,19,20)/p+1	null	COC1=C(C(=CC2=C1C=CC(=[O+]2)C3=CC(=C(C=C3)O)O)O)O	3.09525394	10709411	Natural Products:(UNPD17468);PubChem:(10709411);SuperNatural:(SN00363378);PubMed	1081410
44	1	N/A	-81.07749067791435	C16H12O6	[M + H]+	JGNFNPYTPXMWQH	InChI=1S/C16H12O6/c1-21-16-4-8(2-3-10(16)17)14-6-11(18)9-5-12(19)13(20)7-15(9)22-14/h2-7,17,19-20H,1H3	null	COC1=C(C=CC(=C1)C2=CC(=O)C3=CC(=C(C=C3O2)O)O)O	2.22187972	131837271	HMDB:(133350);PubChem:(131837271);KEGG Mine;PubChem class - bio and metabolites	8606711818
45	1	N/A	-81.31529184963274	C16H12O6	[M + H]+	TUTSVLUUGMNALO	InChI=1S/C16H12O6/c1-21-13-5-9(18)6-14-15(13)16(20)11(7-22-14)10-3-2-8(17)4-12(10)19/h2-7,17-19H,1H3	null	COC1=CC(=CC2=C1C(=O)C(=CO2)C3=C(C=C(C=C3)O)O)O	2.0999999	9944143	COCONUT:(CNP0105583);HMDB:(32695);KNApSAcK:(20291);Natural Products:(UNPD4431);PubChem:(9944143);SuperNatural:(SN00037063);ZINC bio:(ZINC14758993);additional;PubChem class - bio and metabolites;Training Set;KEGG Mine	8610439194
46	1	N/A	-81.43931452545228	C16H12O6	[M + H]+	MQSZRBPYXNEFHF	InChI=1S/C16H12O6/c1-21-10-6-11(18)13-12(7-10)22-16(15(20)14(13)19)8-2-4-9(17)5-3-8/h2-7,17-18,20H,1H3	Rhamnocitrin	COC1=CC(=C2C(=C1)OC(=C(C2=O)O)C3=CC=C(C=C3)O)O	2.19950652	5320946	COCONUT:(CNP0101256 CNP0338598);KNApSAcK:(4567);Natural Products:(UNPD165293);PubChem:(5320946);SuperNatural:(SN00157664);YMDB Mine;CHEBI:(80897);ZINC bio:(ZINC05998754);MeSH:(5320946);KEGG:(C17059);PubMed	34362925430
47	1	N/A	-81.56228727911213	C16H12O6	[M + H]+	UAAZSBRHWYSPEI	InChI=1S/C16H12O6/c1-21-8-5-11(19)16-12(20)7-14(22-13(16)6-8)15-9(17)3-2-4-10(15)18/h2-7,17-19H,1H3	5,2'',6''-Trihydroxy-7-methoxyflavone	COC1=CC(=C2C(=C1)OC(=CC2=O)C3=C(C=CC=C3O)O)O	2.22187972	10946502	COCONUT:(CNP0153646);KNApSAcK:(13309);Natural Products:(UNPD178191);PubChem:(10946502);SuperNatural:(SN00263549);MeSH:(10946502);PubMed	3178582
48	1	N/A	-82.26383223921796	C16H12O6	[M + H]+	WKODGHOQKGISRB	InChI=1S/C16H12O6/c1-21-11-3-8(2-9(17)4-11)14-7-13(20)16-12(19)5-10(18)6-15(16)22-14/h2-7,17-19H,1H3	null	COC1=CC(=CC(=C1)O)C2=CC(=O)C3=C(C=C(C=C3O2)O)O	2.22187972	131831452	HMDB:(124874);PubChem:(131831452);PubChem class - bio and metabolites	16777226
49	1	N/A	-82.41781092260224	C16H12O6	[M + H]+	FVANZQZQOXHAPG	InChI=1S/C16H12O6/c1-21-16-14(20)13(19)12(18)11-9(17)7-10(22-15(11)16)8-5-3-2-4-6-8/h2-7,18-20H,1H3	null	COC1=C2C(=C(C(=C1O)O)O)C(=O)C=C(O2)C3=CC=CC=C3	2.5999999	12591034	HMDB:(130678);PubChem:(12591034);PubMed;KEGG Mine;PubChem class - bio and metabolites	8606711882
50	1	N/A	-83.59678721225762	C16H12O6	[M + H]+	ZWPBZVHIAQOYML	InChI=1S/C16H12O6/c1-21-16-11(18)5-3-9-12(19)7-14(22-15(9)16)8-2-4-10(17)13(20)6-8/h2-7,17-18,20H,1H3	null	COC1=C(C=CC2=C1OC(=CC2=O)C3=CC(=C(C=C3)O)O)O	2.0999999	9879377	COCONUT:(CNP0123680);Natural Products:(UNPD218112);PubChem:(9879377);PubMed	2129986
51	1	N/A	-83.67141114867208	C16H12O6	[M + H]+	YXWMHKVVVMLSNF	InChI=1S/C16H12O6/c1-21-16-5-10(11(18)6-13(16)20)15-7-12(19)9-3-2-8(17)4-14(9)22-15/h2-7,17-18,20H,1H3	null	COC1=C(C=C(C(=C1)C2=CC(=O)C3=C(O2)C=C(C=C3)O)O)O	2.22187972	131837285	HMDB:(133364);PubChem:(131837285);KEGG Mine;PubChem class - bio and metabolites	8606711818
52	1	N/A	-84.77670345742914	C16H12O6	[M + H]+	SEIMWTXEHSQAHJ	InChI=1S/C16H12O6/c1-21-16-14(20)10-6-11(18)12(19)7-13(10)22-15(16)8-2-4-9(17)5-3-8/h2-7,17-19H,1H3	6,7,4''-Trihydroxy-3-methoxyflavone	COC1=C(OC2=CC(=C(C=C2C1=O)O)O)C3=CC=C(C=C3)O	2.29999995	44258694	PubChem:(44258694);KNApSAcK:(13351)	18
53	1	N/A	-85.09508518205898	C16H12O6	[M + H]+	IDYSOKBAVNNCSS	InChI=1S/C16H12O6/c1-21-16-13(20)11-9(17)7-10(18)12(19)15(11)22-14(16)8-5-3-2-4-6-8/h2-7,17-19H,1H3	8-Hydroxygalangin 3-methyl ether	COC1=C(OC2=C(C1=O)C(=CC(=C2O)O)O)C3=CC=CC=C3	2.79999995	5360930	COCONUT:(CNP0199895);KNApSAcK:(4552);Natural Products:(UNPD47655);PubChem:(5360930);SuperNatural:(SN00274563);KEGG Mine	8593113106
54	1	N/A	-86.16791199630244	C16H12O6	[M + H]+	WBCGHPDTCLGFIM	InChI=1S/C16H12O6/c1-21-8-2-3-9(12(17)4-8)11-7-22-15-6-14(19)13(18)5-10(15)16(11)20/h2-7,17-19H,1H3	null	COC1=CC(=C(C=C1)C2=COC3=CC(=C(C=C3C2=O)O)O)O	2.0999999	131837782	HMDB:(134005);PubChem:(131837782);KEGG Mine;PubChem class - bio and metabolites	8606711818
55	1	N/A	-86.38080756019447	C16H12O6	[M + H]+	MPBPGCHGTKVWMR	InChI=1S/C16H12O6/c1-21-15-6-12(18)10(5-13(15)19)11-7-22-14-4-8(17)2-3-9(14)16(11)20/h2-7,17-19H,1H3	khrinone A	COC1=C(C=C(C(=C1)O)C2=COC3=C(C2=O)C=CC(=C3)O)O	2.0999999	44613666	COCONUT:(CNP0195445);HMDB:(134007);KNApSAcK:(47946);Natural Products:(UNPD105478);PubChem:(44613666);PubChem class - bio and metabolites;PubMed;KEGG Mine	8608841818
56	1	N/A	-86.76756748503747	C16H12O6	[M + H]+	QVYSSMFEUBQBEU	InChI=1S/C16H12O6/c1-21-12-5-2-8(6-11(12)18)16-15(20)14(19)10-4-3-9(17)7-13(10)22-16/h2-7,17-18,20H,1H3	Fisetin 4''-methyl ether	COC1=C(C=C(C=C1)C2=C(C(=O)C3=C(O2)C=C(C=C3)O)O)O	2.29999995	5378244	COCONUT:(CNP0356545);HMDB:(29492);KNApSAcK:(4582);Natural Products:(UNPD211499);PubChem:(5378244);PubChem class - bio and metabolites;PubMed;KEGG Mine	8608841818
57	1	N/A	-87.18472634672214	C16H12O6	[M + H]+	GSJDTGKZEFSTHC	InChI=1S/C16H12O6/c1-21-10-4-2-3-8(5-10)16-15(20)14(19)13-11(18)6-9(17)7-12(13)22-16/h2-7,17-18,20H,1H3	null	COC1=CC=CC(=C1)C2=C(C(=O)C3=C(C=C(C=C3O2)O)O)O	2.19950652	131832912	HMDB:(126499);PubChem:(131832912);PubChem class - bio and metabolites	16777226
58	1	N/A	-88.64886684693577	C16H12O6	[M + H]+	YFOXJLGPGAKPER	InChI=1S/C16H12O6/c1-21-16-7-12(19)10(5-13(16)20)15-6-11(18)9-3-2-8(17)4-14(9)22-15/h2-7,17,19-20H,1H3	null	COC1=C(C=C(C(=C1)O)C2=CC(=O)C3=C(O2)C=C(C=C3)O)O	2.22187972	131837241	HMDB:(133313);PubChem:(131837241);PubChem class - bio and metabolites	16777226
59	1	N/A	-89.1288955631929	C16H12O6	[M + H]+	QVWMWAQFMBMYAB	InChI=1S/C16H12O6/c1-21-9-2-3-11(18)10(6-9)14-7-13(20)16-12(19)4-8(17)5-15(16)22-14/h2-7,17-19H,1H3	null	COC1=CC(=C(C=C1)O)C2=CC(=O)C3=C(C=C(C=C3O2)O)O	2.22187972	90904941	COCONUT:(CNP0279360);Natural Products:(UNPD16792);PubChem:(90904941);SuperNatural:(SN00316858);PubMed	3178562
60	1	N/A	-89.22762559641902	C16H12O6	[M + H]+	IEPMJEZVWUMMAQ	InChI=1S/C16H12O6/c1-21-16-12(19)10-6-7-11(18)13(20)15(10)22-14(16)8-2-4-9(17)5-3-8/h2-7,17-18,20H,1H3	7,8,4''-Trihydroxy-3-methoxyflavone	COC1=C(OC2=C(C1=O)C=CC(=C2O)O)C3=CC=C(C=C3)O	2.29999995	44258700	COCONUT:(CNP0273925);KNApSAcK:(4576);Natural Products:(UNPD145628);PubChem:(44258700)	2129938
61	1	N/A	-91.10067970990674	C16H12O6	[M + H]+	VOCATNAJXJSCLN	InChI=1S/C16H12O6/c1-21-9-5-12(19)16-13(20)7-14(22-15(16)6-9)10-3-2-8(17)4-11(10)18/h2-7,17-19H,1H3	artocarpetin	COC1=CC(=C2C(=C1)OC(=CC2=O)C3=C(C=C(C=C3)O)O)O	2.22187972	12308618	COCONUT:(CNP0280227);Natural Products:(UNPD160899);PubChem:(12308618);SuperNatural:(SN00390290);PubMed;KEGG Mine	8593113154
62	1	N/A	-91.45370201215673	C16H12O6	[M + H]+	CQMQUCXHHMUNAB	InChI=1S/C16H12O6/c1-20-10-2-4-11(5-3-10)22-14-8-21-13-7-9(17)6-12(18)15(13)16(14)19/h2-8,17-18H,1H3	Oprea1_772814	COC1=CC=C(C=C1)OC2=COC3=CC(=CC(=C3C2=O)O)O	3.0999999	5420830	COCONUT:(CNP0362103);PubChem:(5420830);SuperNatural:(SN00075565);ZINC bio:(ZINC05910963)	3153922
63	1	N/A	-91.60517777809444	C16H12O6	[M + H]+	RLEMLKZHZOSEFS	InChI=1S/C16H12O6/c1-21-8-2-3-9(13(18)6-8)11-7-22-16-10(14(11)19)4-5-12(17)15(16)20/h2-7,17-18,20H,1H3	null	COC1=CC(=C(C=C1)C2=COC3=C(C2=O)C=CC(=C3O)O)O	2.0999999	131837783	HMDB:(134008);PubChem:(131837783);KEGG Mine;PubChem class - bio and metabolites	8606711818
64	1	N/A	-92.20450573313298	C16H12O6	[M + H]+	VBXMLZNGZPQAEI	InChI=1S/C16H12O6/c1-21-16-14(20)10-4-3-9(17)7-13(10)22-15(16)8-2-5-11(18)12(19)6-8/h2-7,17-19H,1H3	Fisetin 3-methyl ether	COC1=C(OC2=C(C1=O)C=CC(=C2)O)C3=CC(=C(C=C3)O)O	2.29999995	9839293	COCONUT:(CNP0199979);KNApSAcK:(4580);Natural Products:(UNPD82337);PubChem:(9839293);SuperNatural:(SN00277070);PubMed;KEGG Mine	8593113170
65	1	N/A	-93.1741136036282	C16H12O6	[M + H]+	OEYQBKYISMRWQB	InChI=1S/C16H12O6/c1-21-9-5-13(19)15-14(6-9)22-7-10(16(15)20)8-2-3-11(17)12(18)4-8/h2-7,17-19H,1H3	Santal	COC1=CC(=C2C(=C1)OC=C(C2=O)C3=CC(=C(C=C3)O)O)O	2.5999999	9926336	COCONUT:(CNP0250255);HMDB:(33760);KNApSAcK:(9459);Natural Products:(UNPD131463);PubChem:(9926336);PubChem class - bio and metabolites;PubMed;KEGG Mine	8608841818
66	1	N/A	-93.50869936167622	C16H12O6	[M + H]+	YANXJXVKFOHHOB	InChI=1S/C16H12O6/c1-21-13-5-2-8(6-12(13)18)10-7-22-16-9(14(10)19)3-4-11(17)15(16)20/h2-7,17-18,20H,1H3	7,8,3''-Trihydroxy-4''-methoxyisoflavone	COC1=C(C=C(C=C1)C2=COC3=C(C2=O)C=CC(=C3O)O)O	2.0999999	44257264	COCONUT:(CNP0332279);KNApSAcK:(9854);Natural Products:(UNPD97537);PubChem:(44257264);SuperNatural:(SN00348367);PubMed;KEGG Mine	8593113170
67	1	N/A	-95.77314308264549	C16H12O6	[M + H]+	WRFQRUBJBPLPAM	InChI=1S/C16H12O6/c1-21-13-6-8(2-5-11(13)18)16-15(20)14(19)10-4-3-9(17)7-12(10)22-16/h2-7,17-18,20H,1H3	Geraldol	COC1=C(C=CC(=C1)C2=C(C(=O)C3=C(O2)C=C(C=C3)O)O)O	2.29999995	5482101	SuperNatural:(SN00013632);ZINC bio:(ZINC05732763);additional;MeSH:(5482101);PubMed;NORMAN:(NS00026890);COCONUT:(CNP0292859);KNApSAcK:(4581);Natural Products:(UNPD16236);PubChem:(5482101);Training Set;KEGG Mine	8593924182
68	1	N/A	-96.84438725401675	C16H12O6	[M + H]+	IGHVYQBBZBLNDW	InChI=1S/C16H12O6/c1-21-15-7-14-10(5-13(15)19)9(6-16(20)22-14)8-2-3-11(17)12(18)4-8/h2-7,17-19H,1H3	4-(3,4-dihydroxyphenyl)-6-hydroxy-7-methoxychromen-2-one	COC1=C(C=C2C(=CC(=O)OC2=C1)C3=CC(=C(C=C3)O)O)O	2.0	5318262	COCONUT:(CNP0208528 CNP0423016);KNApSAcK:(19289);Natural Products:(UNPD38619);PubChem:(5318262);SuperNatural:(SN00158203);PubMed;KEGG Mine	8593113170
69	1	N/A	-98.80349454870444	C16H12O6	[M + H]+	PONYLIYJEDIVMA	InChI=1S/C16H12O6/c1-21-12-6-10-13(18)11(8-2-4-9(17)5-3-8)7-22-16(10)15(20)14(12)19/h2-7,17,19-20H,1H3	7,8,4''-Trihydroxy-6-methoxyisoflavone	COC1=C(C(=C2C(=C1)C(=O)C(=CO2)C3=CC=C(C=C3)O)O)O	2.0999999	10870296	COCONUT:(CNP0235218);HMDB:(132867);KNApSAcK:(9868);Natural Products:(UNPD86676);PubChem:(10870296);SuperNatural:(SN00393843);PubChem class - bio and metabolites;MeSH:(10870296);PubMed;KEGG Mine	8609890398
70	1	N/A	-101.49934116450812	C16H12O6	[M + H]+	GQODBWLKUWYOFX	InChI=1S/C16H12O6/c1-7-4-8(2-3-10(7)18)16-15(21)14(20)13-11(19)5-9(17)6-12(13)22-16/h2-6,17-19,21H,1H3	3,5,7-trihydroxy-2-(4-hydroxy-3-methylphenyl)chromen-4-one	CC1=C(C=CC(=C1)C2=C(C(=O)C3=C(C=C(C=C3O2)O)O)O)O	2.27315521	20670066	COCONUT:(CNP0315728);Natural Products:(UNPD75051);PubChem:(20670066);YMDB Mine;KEGG Mine	42951802882
71	1	N/A	-102.26103690309647	C16H12O6	[M + H]+	SMOFGXHPWCTYQD	InChI=1S/C16H12O6/c1-21-12-5-4-9(15(19)16(12)20)11-7-22-13-6-8(17)2-3-10(13)14(11)18/h2-7,17,19-20H,1H3	Koparin	COC1=C(C(=C(C=C1)C2=COC3=C(C2=O)C=CC(=C3)O)O)O	2.0999999	5318834	HMDB:(134006);SuperNatural:(SN00003414);ZINC bio:(ZINC03203949);additional;PubMed;COCONUT:(CNP0099786 CNP0190791);KNApSAcK:(9401);Natural Products:(UNPD60342);PubChem:(5318834);PubChem class - bio and metabolites;Training Set;KEGG Mine	8610439258
72	1	N/A	-102.45113391847745	C16H12O6	[M + H]+	IELIPFOSZBGSTN	InChI=1S/C16H12O6/c1-21-16-12(18)5-4-9(15(16)20)11-7-22-13-6-8(17)2-3-10(13)14(11)19/h2-7,17-18,20H,1H3	7,2'',4''-Trihydroxy-3''-methoxyisoflavone	COC1=C(C=CC(=C1O)C2=COC3=C(C2=O)C=CC(=C3)O)O	2.0999999	14077823	COCONUT:(CNP0305702);KNApSAcK:(9813);Natural Products:(UNPD62705);PubChem:(14077823);SuperNatural:(SN00374981);PubMed	3178578
73	1	N/A	-104.52909618983782	C16H12O6	[M + H]+	MKOFAORYKDDOLG	InChI=1S/C16H12O6/c1-21-12-5-4-10(15(19)16(12)20)14-7-11(18)9-3-2-8(17)6-13(9)22-14/h2-7,17,19-20H,1H3	null	COC1=C(C(=C(C=C1)C2=CC(=O)C3=C(O2)C=C(C=C3)O)O)O	2.22187972	131837240	HMDB:(133312);PubChem:(131837240);PubChem class - bio and metabolites	16777226
74	1	N/A	-104.82268923716718	C16H12O6	[M + H]+	XFAMBGFUJZVEQW	InChI=1S/C16H12O6/c1-21-16-9(4-5-12(18)15(16)20)11-7-22-13-6-8(17)2-3-10(13)14(11)19/h2-7,17-18,20H,1H3	null	COC1=C(C=CC(=C1O)O)C2=COC3=C(C2=O)C=CC(=C3)O	2.0999999	101785462	COCONUT:(CNP0234336);Natural Products:(UNPD157671);PubChem:(101785462)	2129922
75	1	N/A	-105.52879507944351	C16H12O6	[M + H]+	QLKXMSRSMMJLII	InChI=1S/C16H12O6/c1-21-9-4-2-8(3-5-9)11-7-22-16-10(13(11)18)6-12(17)14(19)15(16)20/h2-7,17,19-20H,1H3	null	COC1=CC=C(C=C1)C2=COC3=C(C(=C(C=C3C2=O)O)O)O	2.0999999	131836893	HMDB:(132868);PubChem:(131836893);KEGG Mine;PubChem class - bio and metabolites	8606711818
76	1	N/A	-105.84249814312797	C16H12O6	[M + H]+	LXNQOMDRURYRCV	InChI=1S/C16H12O6/c1-7-2-8(17)3-10(19)15(7)14-6-12(21)16-11(20)4-9(18)5-13(16)22-14/h2-6,17-20H,1H3	null	CC1=CC(=CC(=C1C2=CC(=O)C3=C(C=C(C=C3O2)O)O)O)O	2.29552817	139584465	PubChem:(139584465);COCONUT:(CNP0184223)	2097154
77	1	N/A	-106.2099467374805	C16H12O6	[M + H]+	HKLUUHOGFLPVLP	InChI=1S/C16H12O6/c1-21-8-6-11(18)13-12(7-8)22-16(15(20)14(13)19)9-4-2-3-5-10(9)17/h2-7,17-18,20H,1H3	Datin	COC1=CC(=C2C(=C1)OC(=C(C2=O)O)C3=CC=CC=C3O)O	2.19950652	44258715	COCONUT:(CNP0136243);KNApSAcK:(4563);Natural Products:(UNPD196141);PubChem:(44258715);SuperNatural:(SN00271788);PubMed;KEGG Mine	8593113170
78	1	N/A	-106.40206881904034	C16H12O6	[M + H]+	ALFNTRJPGFNJQV	InChI=1S/C16H12O6/c1-21-9-5-13(19)15-14(6-9)22-7-11(16(15)20)10-3-2-8(17)4-12(10)18/h2-7,17-19H,1H3	Cajanin	COC1=CC(=C2C(=C1)OC=C(C2=O)C3=C(C=C(C=C3)O)O)O	2.5999999	5281706	COCONUT:(CNP0322434);HMDB:(32696);KNApSAcK:(2512);Natural Products:(UNPD84053);PubChem:(5281706);SuperNatural:(SN00281265);CHEBI:(70036);PubChem class - bio and metabolites;KEGG:(C10203);PubMed	19956090
79	1	N/A	-107.67761862392057	C16H12O6	[M + H]+	NTOABOYFEFSHCA	InChI=1S/C16H12O6/c1-7-2-4-8(5-3-7)15-14(21)13(20)11-9(17)6-10(18)12(19)16(11)22-15/h2-6,17-19,21H,1H3	null	CC1=CC=C(C=C1)C2=C(C(=O)C3=C(O2)C(=C(C=C3O)O)O)O	2.9000001	118048105	COCONUT:(CNP0163019);Natural Products:(UNPD184575);PubChem:(118048105);SuperNatural:(SN00278974)	3178498
80	1	N/A	-108.07110060173648	C16H12O6	[M + H]+	QWFMXOMZDHXFLG	InChI=1S/C16H12O6/c1-7-10(18)6-11(19)12-13(20)14(21)16(22-15(7)12)8-2-4-9(17)5-3-8/h2-6,17-19,21H,1H3	8-C-Methylkaempferol	CC1=C2C(=C(C=C1O)O)C(=O)C(=C(O2)C3=CC=C(C=C3)O)O	2.9000001	9900934	COCONUT:(CNP0272449);PubChem:(9900934);YMDB Mine;KEGG Mine	42951770114
81	1	N/A	-108.98993797152717	C16H12O6	[M + H]+	IWVARKYODVJZLV	InChI=1S/C16H12O6/c1-21-11-6-10(18)7-12-13(11)14(19)15(20)16(22-12)8-3-2-4-9(17)5-8/h2-7,17-18,20H,1H3	null	COC1=C2C(=CC(=C1)O)OC(=C(C2=O)O)C3=CC(=CC=C3)O	2.19950652	""	COCONUT:(CNP0271165);Natural Products:(UNPD143701)	2129920
82	1	N/A	-109.40859188187413	C16H12O6	[M + H]+	XFDQJKDGGOEYPI	InChI=1S/C16H12O6/c1-21-15-4-8(2-3-11(15)18)16-13(20)7-10-12(19)5-9(17)6-14(10)22-16/h2-7H,1H3,(H3-,17,18,19,20)/p+1	Peonidin	COC1=C(C=CC(=C1)C2=[O+]C3=CC(=CC(=C3C=C2O)O)O)O	3.09525394	441773	SuperNatural:(SN00155910);ZINC bio:(ZINC00897727);additional;MeSH:(441773);PubMed;NORMAN:(NS00041594);COCONUT:(CNP0102543 CNP0218478);Natural Products:(UNPD156854);PubChem:(441773);CHEBI:(144779 75314);PubChem class - bio and metabolites;YMDB:(1765);Training Set;Biocyc:(CPD-15052)	20834406
83	1	N/A	-109.58689503559421	C16H12O6	[M + H]+	GXOGRBAJUMLKCZ	InChI=1S/C16H12O6/c1-21-16-14(20)13-11(19)6-10(18)7-12(13)22-15(16)8-3-2-4-9(17)5-8/h2-7,17-19H,1H3	null	COC1=C(OC2=CC(=CC(=C2C1=O)O)O)C3=CC(=CC=C3)O	2.19950652	15689610	COCONUT:(CNP0326538);Natural Products:(UNPD89617);PubChem:(15689610);SuperNatural:(SN00243727);KEGG Mine	8593113090
84	1	N/A	-111.01228513814937	C16H12O6	[M + H]+	YXKBIVMXBJYKCD	InChI=1S/C16H12O6/c1-21-9-4-2-8(3-5-9)13-7-11(17)10-6-12(18)14(19)15(20)16(10)22-13/h2-7,18-20H,1H3	6,7,8-trihydroxy-2-(4-methoxyphenyl)chromen-4-one	COC1=CC=C(C=C1)C2=CC(=O)C3=CC(=C(C(=C3O2)O)O)O	2.0999999	16657777	COCONUT:(CNP0324758);Natural Products:(UNPD87188);PubChem:(16657777)	2129922
85	1	N/A	-111.81564980467614	C16H12O6	[M + H]+	SNYJAORFYCDMDF	InChI=1S/C16H12O6/c1-21-14-6-13(19)12(18)5-10(14)11-7-22-15-4-8(17)2-3-9(15)16(11)20/h2-7,17-19H,1H3	null	COC1=CC(=C(C=C1C2=COC3=C(C2=O)C=CC(=C3)O)O)O	2.0999999	91256347	KNApSAcK:(19013);PubChem:(91256347);PubMed	82
86	1	N/A	-113.42360339721202	C16H12O6	[M + H]+	ADKPZCOYGZJTBN	InChI=1S/C16H12O6/c1-21-11-3-8(2-9(17)4-11)12-7-22-14-6-10(18)5-13(19)15(14)16(12)20/h2-7,17-19H,1H3	null	COC1=CC(=CC(=C1)O)C2=COC3=CC(=CC(=C3C2=O)O)O	2.5999999	91203449	COCONUT:(CNP0131889 CNP0323992);Natural Products:(UNPD118715);PubChem:(91203449);SuperNatural:(SN00177541);PubMed	3178562
87	1	N/A	-118.17765531836713	C16H12O6	[M + H]+	XHSQEMRVWPSWDD	InChI=1S/C16H12O6/c1-21-13-5-9(17)6-14-16(13)10(7-15(20)22-14)8-2-3-11(18)12(19)4-8/h2-7,17-19H,1H3	7'',3'',4''-Trihydroxy-5-methoxy-4-phenylcoumarin	COC1=CC(=CC2=C1C(=CC(=O)O2)C3=CC(=C(C=C3)O)O)O	2.0	5324351	COCONUT:(CNP0208638);KNApSAcK:(10234);PubChem:(5324351)	2097170
88	1	N/A	-120.4527459389109	C16H12O6	[M + H]+	CIPQVCVRQQYHLE	InChI=1S/C16H12O6/c1-21-10-4-2-8(3-5-10)13-15(19)14-11(18)6-9(17)7-12(14)22-16(13)20/h2-7,17-19H,1H3	4,5,7-Trihydroxy-4''-methoxy-3-phenylcoumarin	COC1=CC=C(C=C1)C2=C(C3=C(C=C(C=C3OC2=O)O)O)O	2.70000005	54679634	COCONUT:(CNP0279912);Natural Products:(UNPD81329);PubChem:(54679634);KEGG Mine	8592064514
89	1	N/A	-123.34682828331121	C16H12O6	[M + H]+	YAKJQHWLQVKMSB	InChI=1S/C16H12O6/c1-7-4-8(2-3-10(7)17)9-6-22-16-13(14(9)20)11(18)5-12(19)15(16)21/h2-6,17-19,21H,1H3	null	CC1=C(C=CC(=C1)C2=COC3=C(C2=O)C(=CC(=C3O)O)O)O	2.11802602	""	COCONUT:(CNP0213600)	2097152
90	1	N/A	-124.18819236129649	C16H12O6	[M + H]+	BAPAGPHJRBNLQL	InChI=1S/C16H12O6/c1-21-15-5-8(4-12(19)16(15)20)13-7-11(18)10-3-2-9(17)6-14(10)22-13/h2-7,17,19-20H,1H3	null	COC1=CC(=CC(=C1O)O)C2=CC(=O)C3=C(O2)C=C(C=C3)O	2.22187972	131839469	HMDB:(140454);PubChem:(131839469);KEGG Mine;PubChem class - bio and metabolites	8606711818
91	1	N/A	-127.38864120610506	C16H12O6	[M + H]+	JPYBEETXHUPGHX	InChI=1S/C16H12O6/c1-7-10(17)9-12(19)14(21)15(8-5-3-2-4-6-8)22-16(9)13(20)11(7)18/h2-6,17-18,20-21H,1H3	Platanin	CC1=C(C2=C(C(=C1O)O)OC(=C(C2=O)O)C3=CC=CC=C3)O	2.9000001	627136	COCONUT:(CNP0112431);KNApSAcK:(4875);Natural Products:(UNPD29702);PubChem:(627136);SuperNatural:(SN00243394)	3178514
92	1	N/A	-127.63607094387618	C16H12O6	[M + H]+	KJUMUMWJYIOICG	InChI=1S/C16H12O6/c1-7-3-2-4-9(18)12(7)16-15(21)14(20)13-10(19)5-8(17)6-11(13)22-16/h2-6,17-19,21H,1H3	null	CC1=C(C(=CC=C1)O)C2=C(C(=O)C3=C(C=C(C=C3O2)O)O)O	2.27315521	""	COCONUT:(CNP0219055);Natural Products:(UNPD107886);SuperNatural:(SN00378624);KEGG Mine	8593113088
93	1	N/A	-128.05820326908906	C16H12O6	[M + H]+	WSSUZYJTLRZPRW	InChI=1S/C16H12O6/c1-20-10-2-4-11(5-3-10)21-15-8-13(19)16-12(18)6-9(17)7-14(16)22-15/h2-8,17-18H,1H3	5,7-dihydroxy-2-(4-methoxyphenoxy)chromen-4-one	COC1=CC=C(C=C1)OC2=CC(=O)C3=C(C=C(C=C3O2)O)O	2.71218777	5316512	COCONUT:(CNP0255409);Natural Products:(UNPD134167);PubChem:(5316512);SuperNatural:(SN00159202);KEGG Mine	8593113090
94	1	N/A	-128.73969195992282	C16H12O6	[M + H]+	FTOHMMMSWYNATM	InChI=1S/C16H12O6/c1-21-14-5-9(18)6-15-12(14)7-11(16(20)22-15)10-3-2-8(17)4-13(10)19/h2-7,17-19H,1H3	null	COC1=CC(=CC2=C1C=C(C(=O)O2)C3=C(C=C(C=C3)O)O)O	2.5	25015742	COCONUT:(CNP0251456);Natural Products:(UNPD67103);PubChem:(25015742);SuperNatural:(SN00296484)	3178498
95	1	N/A	-129.37483004618997	C16H12O6	[M + H]+	MZPXLNLWZFFCBX	InChI=1S/C16H12O6/c1-18-8-4-3-5-9-12(8)14(17)13-10(22-9)6-11-15(16(13)19-2)21-7-20-11/h3-6H,7H2,1-2H3	null	COC1=CC=CC2=C1C(=O)C3=C(C4=C(C=C3O2)OCO4)OC	2.8346169	""	COCONUT:(CNP0243882);Natural Products:(UNPD28993);SuperNatural:(SN00327823)	3178496
96	1	N/A	-129.76863519586638	C16H12O6	[M + H]+	FJZLRPLFCJBDEJ	InChI=1S/C16H12O6/c1-21-9-5-12(19)16-13(20)7-14(22-15(16)6-9)10-4-8(17)2-3-11(10)18/h2-7,17-19H,1H3	2-(2,5-dihydroxyphenyl)-5-hydroxy-7-methoxychromen-4-one	COC1=CC(=C2C(=C1)OC(=CC2=O)C3=C(C=CC(=C3)O)O)O	2.22187972	15229907	COCONUT:(CNP0421783);Natural Products:(UNPD202347);PubChem:(15229907)	2129922
97	1	N/A	-130.78867478926122	C16H12O6	[M + H]+	GOLZJJBLFNFAPH	InChI=1S/C16H12O6/c1-21-15-6-10(12(18)7-13(15)19)11-4-8-2-3-9(17)5-14(8)22-16(11)20/h2-7,17-19H,1H3	2H-1-Benzopyran-2-one, 3-(2,4-dihydroxy-5-methoxyphenyl)-7-hydroxy-	COC1=C(C=C(C(=C1)C2=CC3=C(C=C(C=C3)O)OC2=O)O)O	2.5	11289578	COCONUT:(CNP0314104);Natural Products:(UNPD72826);PubChem:(11289578);SuperNatural:(SN00347277);PubMed	3178562
98	1	N/A	-131.64491294348522	C16H12O6	[M + H]+	NOTYLVGBOXQKED	InChI=1S/C16H12O6/c1-7-11(18)5-13(20)14-15(21)9(6-22-16(7)14)8-2-3-10(17)12(19)4-8/h2-6,17-20H,1H3	null	CC1=C2C(=C(C=C1O)O)C(=O)C(=CO2)C3=CC(=C(C=C3)O)O	2.70000005	10542202	COCONUT:(CNP0288750);PubChem:(10542202);KEGG Mine	8592031746
99	1	N/A	-132.09546009191052	C16H12O6	[M + H]+	RQBAJFCXGFVZFU	InChI=1S/C16H12O6/c1-7-10(17)13(20)11(18)9-12(19)14(21)16(22-15(7)9)8-5-3-2-4-6-8/h2-6,17-18,20-21H,1H3	Isoplatanin	CC1=C(C(=C(C2=C1OC(=C(C2=O)O)C3=CC=CC=C3)O)O)O	2.9000001	14036039	COCONUT:(CNP0125811);KNApSAcK:(4880);Natural Products:(UNPD188059);PubChem:(14036039);SuperNatural:(SN00297011)	3178514
100	1	N/A	-132.45518584551024	C16H12O6	[M + H]+	DEVKCCHIUHLHCF	InChI=1S/C16H12O6/c1-21-9-5-13(19)16-10(7-15(20)22-14(16)6-9)8-2-3-11(17)12(18)4-8/h2-7,17-19H,1H3	5,3'',4''-Trihydroxy-7-methoxy-4-phenylcoumarin	COC1=CC(=C2C(=CC(=O)OC2=C1)C3=CC(=C(C=C3)O)O)O	2.0	9882773	COCONUT:(CNP0359614);MeSH:(9882773);KNApSAcK:(10208);PubChem:(9882773);PubMed	2097238
101	1	N/A	-132.73361605721323	C16H12O6	[M + H]+	YPSHOHKAIYYZFR	InChI=1S/C16H12O6/c1-21-16-12(18)4-8(5-13(16)19)11-7-22-14-6-9(17)2-3-10(14)15(11)20/h2-7,17-19H,1H3	null	COC1=C(C=C(C=C1O)C2=COC3=C(C2=O)C=CC(=C3)O)O	2.0999999	15895794	COCONUT:(CNP0173586);KNApSAcK:(9402);Natural Products:(UNPD155281);PubChem:(15895794);SuperNatural:(SN00395003);PubMed;KEGG Mine	8593113170
102	1	N/A	-133.43360202002734	C16H12O6	[M + H]+	SOAAVOVYHYIZBK	InChI=1S/C16H12O6/c1-21-16-12(19)10(17)7-9-11(18)13(20)14(22-15(9)16)8-5-3-2-4-6-8/h2-7,17,19-20H,1H3	null	COC1=C2C(=CC(=C1O)O)C(=O)C(=C(O2)C3=CC=CC=C3)O	2.19950652	""	COCONUT:(CNP0163539);Natural Products:(UNPD169378)	2129920
103	1	N/A	-133.6654636700179	C16H12O6	[M + H]+	RLFUYPWAZFJVEG	InChI=1S/C16H12O6/c1-21-10-6-11(18)13-12(7-10)22-16(15(20)14(13)19)8-3-2-4-9(17)5-8/h2-7,17-18,20H,1H3	null	COC1=CC(=C2C(=C1)OC(=C(C2=O)O)C3=CC(=CC=C3)O)O	2.19950652	90963381	HMDB:(133824);PubChem:(90963381);PubMed;PubChem class - bio and metabolites	16777290
104	1	N/A	-134.0972029252317	C16H12O6	[M + H]+	JEXKRQXUYIHLGO	InChI=1S/C16H12O6/c1-21-16-14(20)10-6-11(18)12(19)7-13(10)22-15(16)8-3-2-4-9(17)5-8/h2-7,17-19H,1H3	null	COC1=C(OC2=CC(=C(C=C2C1=O)O)O)C3=CC(=CC=C3)O	2.19950652	""	COCONUT:(CNP0111138);Natural Products:(UNPD50429)	2129920
105	1	N/A	-134.0980671860649	C16H12O6	[M + H]+	RIHNIOGZQGGOEU	InChI=1S/C16H12O6/c1-7-6-10(18)12(19)11-13(20)14(21)16(22-15(7)11)8-2-4-9(17)5-3-8/h2-6,17-19,21H,1H3	null	CC1=CC(=C(C2=C1OC(=C(C2=O)O)C3=CC=C(C=C3)O)O)O	2.9000001	85929321	COCONUT:(CNP0228947);Natural Products:(UNPD161341);PubChem:(85929321);SuperNatural:(SN00315609)	3178498
106	1	N/A	-138.8274577489663	C16H12O6	[M + H]+	HBGYGRWDBPZDTD	InChI=1S/C16H12O6/c1-21-14-5-8(4-12(18)16(14)20)11-7-22-13-6-9(17)2-3-10(13)15(11)19/h2-7,17-18,20H,1H3	null	COC1=CC(=CC(=C1O)O)C2=COC3=C(C2=O)C=CC(=C3)O	2.0999999	16743454	COCONUT:(CNP0285647);Natural Products:(UNPD154945);PubChem:(16743454);SuperNatural:(SN00326405)	3178498
107	1	N/A	-140.83864142498766	C16H12O6	[M + H]+	UEZWFQTYRXZPPX	InChI=1S/C16H12O6/c1-18-8-3-4-10-9(5-8)14(17)13-11(22-10)6-12-15(16(13)19-2)21-7-20-12/h3-6H,7H2,1-2H3	null	COC1=CC2=C(C=C1)OC3=CC4=C(C(=C3C2=O)OC)OCO4	2.70000005	85670503	COCONUT:(CNP0285040);Natural Products:(UNPD118371);PubChem:(85670503);SuperNatural:(SN00333620)	3178498
108	1	N/A	-149.2350730078345	C16H12O6	[M + H]+	JLUJDFKGPNDZDZ	InChI=1S/C16H12O6/c1-19-16-10(17)3-2-9(15(16)18)12-4-8-5-13-14(21-7-20-13)6-11(8)22-12/h2-6,17-18H,7H2,1H3	Sophorafuran A	COC1=C(C=CC(=C1O)C2=CC3=CC4=C(C=C3O2)OCO4)O	3.0999999	44260114	COCONUT:(CNP0233761);KNApSAcK:(9807);Natural Products:(UNPD179786);PubChem:(44260114);SuperNatural:(SN00358037)	3178514
109	1	N/A	-150.36466776484662	C16H12O6	[M + H]+	MHJJLGCCASIGNO	InChI=1S/C16H12O6/c1-21-9-5-3-4-7-11(9)16(20)12-8(17)6-10(22-2)15(19)13(12)14(7)18/h3-6,17,19H,1-2H3	null	COC1=CC=CC2=C1C(=O)C3=C(C2=O)C(=C(C=C3O)OC)O	3.20000005	100959117	PubChem:(100959117);COCONUT:(CNP0192641)	2097154
110	1	N/A	-152.14508534594685	C16H12O6	[M + H]+	ITGKGKVNRUDSLG	InChI=1S/C16H12O6/c1-18-12-10-11(17)8-5-3-4-6-9(8)22-13(10)14(19-2)16-15(12)20-7-21-16/h3-6H,7H2,1-2H3	null	COC1=C2C(=C(C3=C1C(=O)C4=CC=CC=C4O3)OC)OCO2	2.70000005	86062545	COCONUT:(CNP0237749);Natural Products:(UNPD40559);PubChem:(86062545);PubMed	2129986
111	1	N/A	-153.52004847704922	C16H12O6	[M + H]+	SREKTCXBYGRZOA	InChI=1S/C16H12O6/c1-21-9-3-5-10(12(18)7-9)14-15(19)11-4-2-8(17)6-13(11)22-16(14)20/h2-7,17-19H,1H3	null	COC1=CC(=C(C=C1)C2=C(C3=C(C=C(C=C3)O)OC2=O)O)O	2.20000005	69035380	COCONUT:(CNP0309767);Natural Products:(UNPD67516);PubChem:(69035380);KEGG Mine	8592064514
112	1	N/A	-160.98210848970396	C16H12O6	[M + H]+	ULCDOGSRNNZQBB	InChI=1S/C16H12O6/c1-7-2-10(17)9-6-13(20)16(22-14(9)3-7)8-4-11(18)15(21)12(19)5-8/h2-6H,1H3,(H4-,17,18,19,20,21)/p+1	null	CC1=CC2=[O+]C(=C(C=C2C(=C1)O)O)C3=CC(=C(C(=C3)O)O)O	3.1689024	""	COCONUT:(CNP0076197);Natural Products:(UNPD10106);SuperNatural:(SN00306016)	3178496
113	1	N/A	-161.35858609685837	C16H12O6	[M + H]+	KBZNDYPDNBEAGK	InChI=1S/C16H12O6/c1-20-11-6-12(18)16-13(19)8-15(22-14(16)7-11)21-10-4-2-9(17)3-5-10/h2-8,17-18H,1H3	4H-1-Benzopyran-4-one, 5-hydroxy-2-(4-hydroxyphenoxy)-7-methoxy-	COC1=CC(=C2C(=C1)OC(=CC2=O)OC3=CC=C(C=C3)O)O	2.71218777	71391689	COCONUT:(CNP0171794);Natural Products:(UNPD135139);PubChem:(71391689);SuperNatural:(SN00401484);KEGG Mine	8593113090
114	1	N/A	-162.6286687682716	C16H12O6	[M + H]+	GLLRIXZGBQOFLM	InChI=1S/C16H12O6/c1-6-3-7-11(8(17)4-6)16(21)12-9(18)5-10(22-2)15(20)13(12)14(7)19/h3-5,17-18,20H,1-2H3	1,4,5-Trihydroxy-2-methoxy-7-methyl-9,10-anthracenedione	CC1=CC2=C(C(=C1)O)C(=O)C3=C(C2=O)C(=C(C=C3O)OC)O	3.20000005	12444971	COCONUT:(CNP0236253);KNApSAcK:(32519);Natural Products:(UNPD117549);PubChem:(12444971);SuperNatural:(SN00289757);CHEBI:(144252);ZINC bio:(ZINC14760819);KEGG Mine	8593121330
115	1	N/A	-162.6286687682716	C16H12O6	[M + H]+	AMASMQWBGMKOFH	InChI=1S/C16H12O6/c1-6-3-7-11(8(17)4-6)16(21)13-12(14(7)19)9(18)5-10(22-2)15(13)20/h3-5,17-18,20H,1-2H3	null	CC1=CC(=C2C(=C1)C(=O)C3=C(C2=O)C(=C(C=C3O)OC)O)O	2.03534102	""	COCONUT:(CNP0245347);KNApSAcK:(33962);Natural Products:(UNPD109566);SuperNatural:(SN00289161)	3178512
116	1	N/A	-162.79168732808964	C16H12O6	[M + H]+	HUFZYYGFQYHTGV	InChI=1S/C16H12O6/c1-6-3-7-8(4-9(6)17)15(20)13-12(14(7)19)10(18)5-11(22-2)16(13)21/h3-5,17-18,21H,1-2H3	null	CC1=CC2=C(C=C1O)C(=O)C3=C(C2=O)C(=CC(=C3O)OC)O	3.20000005	54752971	COCONUT:(CNP0422955);Natural Products:(UNPD199521);PubChem:(54752971)	2129922
117	1	N/A	-162.79168732808964	C16H12O6	[M + H]+	ORHOPRCDKRZBSX	InChI=1S/C16H12O6/c1-6-3-7-8(4-9(6)17)14(19)12-10(18)5-11(22-2)16(21)13(12)15(7)20/h3-5,17-18,21H,1-2H3	null	CC1=CC2=C(C=C1O)C(=O)C3=C(C2=O)C(=C(C=C3O)OC)O	3.20000005	24778461	COCONUT:(CNP0146067);Natural Products:(UNPD197796);PubChem:(24778461);PubMed	2129986
118	1	N/A	-172.11306671296336	C16H12O6	[M + H]+	XALWFFABZJVCTO	InChI=1S/C16H12O6/c1-6-12(18)10-11(16(22-2)13(6)19)15(21)9-7(14(10)20)4-3-5-8(9)17/h3-5,17-19H,1-2H3	ACMC-20lxma	CC1=C(C2=C(C(=C1O)OC)C(=O)C3=C(C2=O)C=CC=C3O)O	3.20000005	21762900	COCONUT:(CNP0151839);Natural Products:(UNPD10007);PubChem:(21762900);SuperNatural:(SN00346345);KEGG Mine	8593113090
119	1	N/A	-172.59848334375687	C16H12O6	[M + H]+	JHLHKVHPDKGPGG	InChI=1S/C16H12O6/c1-6-3-7-11(8(17)4-6)15(21)13-12(14(7)20)9(18)5-10(19)16(13)22-2/h3-5,17-19H,1-2H3	null	CC1=CC2=C(C(=C1)O)C(=O)C3=C(C2=O)C(=CC(=C3OC)O)O	3.20000005	102507261	COCONUT:(CNP0188018);Natural Products:(UNPD117197);PubChem:(102507261)	2129922
120	1	N/A	-174.47976118924305	C16H12O6	[M + H]+	JOQQFHPSJSQAKA	InChI=1S/C16H12O6/c1-6-3-4-7(17)11-10(6)15(20)12-8(18)5-9(22-2)14(19)13(12)16(11)21/h3-5,17-19H,1-2H3	null	CC1=C2C(=C(C=C1)O)C(=O)C3=C(C2=O)C(=CC(=C3O)OC)O	3.20000005	56636166	COCONUT:(CNP0306839);Natural Products:(UNPD187704);PubChem:(56636166);SuperNatural:(SN00322333)	3178498
121	1	N/A	-174.55338816512304	C16H12O6	[M + H]+	NTYGRJUBGVMVPL	InChI=1S/C16H12O6/c1-21-10-5-3-4-7-11(10)14(19)12-8(13(7)18)6-9(17)16(22-2)15(12)20/h3-6,17,20H,1-2H3	null	COC1=CC=CC2=C1C(=O)C3=C(C(=C(C=C3C2=O)O)OC)O	1.96169257	""	COCONUT:(CNP0244395)	2097152
122	1	N/A	-174.9202536104274	C16H12O6	[M + H]+	CXXCSTZVYRTQIG	InChI=1S/C16H12O6/c1-21-7-3-4-8-9(5-7)15(19)13-12(14(8)18)10(17)6-11(22-2)16(13)20/h3-6,17,20H,1-2H3	null	COC1=CC2=C(C=C1)C(=O)C3=C(C2=O)C(=C(C=C3O)OC)O	1.96169257	""	COCONUT:(CNP0336497)	2097152
123	1	N/A	-177.98885806427236	C16H12O6	[M + H]+	IQYUBEKTRUGJES	InChI=1S/C16H12O6/c1-6-12(18)10-11(16(22-2)13(6)19)14(20)7-4-3-5-8(17)9(7)15(10)21/h3-5,17-19H,1-2H3	null	CC1=C(C2=C(C(=C1O)OC)C(=O)C3=C(C2=O)C(=CC=C3)O)O	2.70000005	11077433	COCONUT:(CNP0252740);Natural Products:(UNPD20688);PubChem:(11077433);SuperNatural:(SN00272751)	3178498
124	1	N/A	-179.16609450207014	C16H12O6	[M + H]+	DLVVMUVQNGZWEA	InChI=1S/C16H12O6/c1-6-10(17)4-9-13(14(6)19)16(21)8-5-12(22-2)11(18)3-7(8)15(9)20/h3-5,17-19H,1-2H3	null	CC1=C(C=C2C(=C1O)C(=O)C3=CC(=C(C=C3C2=O)O)OC)O	2.70000005	10732948	COCONUT:(CNP0330694);Natural Products:(UNPD95288);PubChem:(10732948);SuperNatural:(SN00345041)	3178498
125	1	N/A	-179.96506822954677	C16H12O6	[M + H]+	YKWIEULZBHUGFH	InChI=1S/C16H12O6/c1-21-10-6-8-12(15(20)16(10)22-2)14(19)11-7(13(8)18)4-3-5-9(11)17/h3-6,17,20H,1-2H3	1,8-dihydroxy-2,3-dimethoxyanthracene-9,10-dione	COC1=C(C(=C2C(=C1)C(=O)C3=C(C2=O)C(=CC=C3)O)O)OC	2.70000005	20277645	COCONUT:(CNP0283504);Natural Products:(UNPD153104);PubChem:(20277645);SuperNatural:(SN00246715)	3178498
126	1	N/A	-180.37649013629365	C16H12O6	[M + H]+	DSNLAZJSSMSYNP	InChI=1S/C16H12O6/c1-20-10-3-5-11(6-4-10)21-16-15(19)14(18)12-7-2-9(17)8-13(12)22-16/h2-8,17,19H,1H3	null	COC1=CC=C(C=C1)OC2=C(C(=O)C3=C(O2)C=C(C=C3)O)O	2.68981457	""	COCONUT:(CNP0329478)	2097152
127	1	N/A	-182.13175948728434	C16H12O6	[M + H]+	AZXBTNRDFAQSLV	InChI=1S/C16H12O6/c1-21-10-5-3-4-7-11(10)14(19)8-6-9(17)16(22-2)15(20)12(8)13(7)18/h3-6,17,20H,1-2H3	null	COC1=CC=CC2=C1C(=O)C3=CC(=C(C(=C3C2=O)O)OC)O	2.70000005	86109359	COCONUT:(CNP0184533);Natural Products:(UNPD118813);PubChem:(86109359)	2129922
128	1	N/A	-182.60145762140874	C16H12O6	[M + H]+	MLKLZFRZXUMLOU	InChI=1S/C16H12O6/c1-6-9(17)5-8-12(13(6)18)14(19)7-3-4-10(22-2)16(21)11(7)15(8)20/h3-5,17-18,21H,1-2H3	Knoxiadin	CC1=C(C=C2C(=C1O)C(=O)C3=C(C2=O)C(=C(C=C3)OC)O)O	3.20000005	127173	COCONUT:(CNP0174138);KNApSAcK:(51144);Natural Products:(UNPD132149);PubChem:(127173);SuperNatural:(SN00157765);MeSH:(127173);PubMed	3178582
129	1	N/A	-182.82808833243752	C16H12O6	[M + H]+	YMAJGCWMPLDLKQ	InChI=1S/C16H12O6/c1-6-5-9(18)11-12(13(6)19)14(20)7-3-4-8(17)16(22-2)10(7)15(11)21/h3-5,17-19H,1-2H3	null	CC1=CC(=C2C(=C1O)C(=O)C3=C(C2=O)C(=C(C=C3)O)OC)O	2.03534102	""	COCONUT:(CNP0301887);Natural Products:(UNPD5801)	2129920
130	1	N/A	-183.3362668674702	C16H12O6	[M + H]+	ZSUQPNCHNPWHAQ	InChI=1S/C16H12O6/c1-6-3-4-7-10(12(6)17)15(20)11-8(13(7)18)5-9(22-2)14(19)16(11)21/h3-5,17,19,21H,1-2H3	1,7,8-trihydroxy-6-methoxy-2-methylanthraquinone	CC1=C(C2=C(C=C1)C(=O)C3=CC(=C(C(=C3C2=O)O)O)OC)O	2.70000005	25200481	Plantcyc:(CPD-9628);PubChem:(25200481);Biocyc:(CPD-9628);PubChem class - bio and metabolites	16910338
131	1	N/A	-185.16814067245554	C16H12O6	[M + H]+	HCRUWIGJIZVCAW	InChI=1S/C16H12O6/c1-6-3-4-7-10(12(6)18)14(20)11-8(13(7)19)5-9(17)16(22-2)15(11)21/h3-5,17-18,21H,1-2H3	1,6,8-trihydroxy-7-methoxy-2-methylanthraquinone	CC1=C(C2=C(C=C1)C(=O)C3=CC(=C(C(=C3C2=O)O)OC)O)O	2.70000005	25203826	Plantcyc:(CPD-9627);PubChem:(25203826);Biocyc:(CPD-9627);PubChem class - bio and metabolites	16910338
132	1	N/A	-185.8111801307416	C16H12O6	[M + H]+	BZICAOKAWKQGRZ	InChI=1S/C16H12O6/c1-21-15-13(19)9-10(14(20)16(15)22-2)12(18)8-6-4-3-5-7(8)11(9)17/h3-6,19-20H,1-2H3	null	COC1=C(C2=C(C(=C1OC)O)C(=O)C3=CC=CC=C3C2=O)O	3.20000005	10851746	COCONUT:(CNP0317418);KNApSAcK:(49916);Natural Products:(UNPD77368);PubChem:(10851746);SuperNatural:(SN00252615)	3178514
133	1	N/A	-186.87072064330778	C16H12O6	[M + H]+	IUQAZAAMCAPINP	InChI=1S/C16H12O6/c1-6-3-4-7-10(12(6)18)14(20)8-5-9(17)16(22-2)15(21)11(8)13(7)19/h3-5,17-18,21H,1-2H3	copareolatin 6-methylether	CC1=C(C2=C(C=C1)C(=O)C3=C(C(=C(C=C3C2=O)O)OC)O)O	3.20000005	10040428	COCONUT:(CNP0221540);KNApSAcK:(38829);Natural Products:(UNPD107791);PubChem:(10040428);SuperNatural:(SN00296712);PubChem class - bio and metabolites;Plantcyc:(CPD-9623);Biocyc:(CPD-9623)	20088850
134	1	N/A	-187.4466182502148	C16H12O6	[M + H]+	XNGTZVMLKRWTFR	InChI=1S/C16H12O6/c1-21-12-5-8-9(6-13(12)22-2)16(20)14-10(15(8)19)3-7(17)4-11(14)18/h3-6,17-18H,1-2H3	null	COC1=C(C=C2C(=C1)C(=O)C3=C(C2=O)C(=CC(=C3)O)O)OC	2.70000005	10402511	COCONUT:(CNP0130219);Natural Products:(UNPD151342);PubChem:(10402511);SuperNatural:(SN00366589)	3178498
135	1	N/A	-188.03477334895564	C16H12O6	[M + H]+	FRMFHVHHFVPACC	InChI=1S/C16H12O6/c1-6-3-7-11(9(17)4-6)15(20)12-8(13(7)18)5-10(22-2)14(19)16(12)21/h3-5,17,19,21H,1-2H3	Dermoglancin	CC1=CC2=C(C(=C1)O)C(=O)C3=C(C(=C(C=C3C2=O)OC)O)O	2.70000005	23617	COCONUT:(CNP0267003);Natural Products:(UNPD140932);PubChem:(23617);SuperNatural:(SN00346828);KEGG Mine	8593113090
136	1	N/A	-188.58951551788567	C16H12O6	[M + H]+	SYZWBXUQWCQGNT	InChI=1S/C16H12O6/c17-11-2-1-8(4-12(11)18)3-10-5-9-6-13(19)14(20)7-15(9)22-16(10)21/h1-2,4-7,17-20H,3H2	null	C1=CC(=C(C=C1CC2=CC3=CC(=C(C=C3OC2=O)O)O)O)O	2.4000001	123684269	COCONUT:(CNP0112703);Natural Products:(UNPD204777);PubChem:(123684269);PubMed	2129986
137	1	N/A	-191.0438683866587	C16H12O6	[M + H]+	AZOVYGVUYZKMOP	InChI=1S/C16H12O6/c1-21-10-6-11(22-2)16(20)13-12(10)15(19)9-5-7(17)3-4-8(9)14(13)18/h3-6,17,20H,1-2H3	1,6-Dihydroxy-2,4-dimethoxyanthraquinone	COC1=CC(=C(C2=C1C(=O)C3=C(C2=O)C=CC(=C3)O)O)OC	2.70000005	126726	COCONUT:(CNP0279349);Natural Products:(UNPD188947);PubChem:(126726);SuperNatural:(SN00157668);MeSH:(126726);PubMed	3178566
138	1	N/A	-192.15638136612554	C16H12O6	[M + H]+	SLKYVJWZJRRXFL	InChI=1S/C16H12O6/c1-21-9-5-13(19)16-11(7-15(20)22-14(16)6-9)10-4-8(17)2-3-12(10)18/h2-7,17-19H,1H3	4-(2,5-dihydroxyphenyl)-5-hydroxy-7-methoxychromen-2-one	COC1=CC(=C2C(=CC(=O)OC2=C1)C3=C(C=CC(=C3)O)O)O	2.0	5384951	NORMAN:(NS00039245);COCONUT:(CNP0288488);Natural Products:(UNPD16332);PubChem:(5384951);SuperNatural:(SN00248092)	3440642
139	1	N/A	-193.99788945839984	C16H12O6	[M + H]+	JGXXHHJPFQNSLQ	InChI=1S/C16H12O6/c1-21-7-3-10-14(12(18)4-7)16(20)9-6-13(22-2)11(17)5-8(9)15(10)19/h3-6,17-18H,1-2H3	null	COC1=CC(=C2C(=C1)C(=O)C3=CC(=C(C=C3C2=O)OC)O)O	1.96169257	""	COCONUT:(CNP0321226);Natural Products:(UNPD82446)	2129920
140	1	N/A	-194.35116057031078	C16H12O6	[M + H]+	FSJQILFEYGANSZ	InChI=1S/C16H12O6/c1-21-10-6-8-12(16(22-2)14(10)19)15(20)11-7(13(8)18)4-3-5-9(11)17/h3-6,17,19H,1-2H3	robustaquinone C	COC1=C(C(=C2C(=C1)C(=O)C3=C(C2=O)C(=CC=C3)O)OC)O	2.70000005	25202864	COCONUT:(CNP0374639);KNApSAcK:(40161);Natural Products:(UNPD85152);PubChem:(25202864);SuperNatural:(SN00348824);PubChem class - bio and metabolites;Plantcyc:(CPD-9617);Biocyc:(CPD-9617)	20088850
141	1	N/A	-196.41424437585007	C16H12O6	[M + H]+	GCNNYMGPFTUNLI	InChI=1S/C16H12O6/c1-6-10(18)5-8-12(16(6)22-2)13(19)7-3-4-9(17)15(21)11(7)14(8)20/h3-5,17-18,21H,1-2H3	null	CC1=C(C=C2C(=C1OC)C(=O)C3=C(C2=O)C(=C(C=C3)O)O)O	2.03534102	""	COCONUT:(CNP0216466);Natural Products:(UNPD156727)	2129920
142	1	N/A	-196.91915325019426	C16H12O6	[M + H]+	DPLRHSUIYLUMJQ	InChI=1S/C16H12O6/c1-21-15-6-14-10(5-13(15)20)11(7-17)16(22-14)9-3-2-8(18)4-12(9)19/h2-7,18-20H,1H3	null	COC1=C(C=C2C(=C1)OC(=C2C=O)C3=C(C=C(C=C3)O)O)O	2.29675221	""	COCONUT:(CNP0353297)	2097152
143	1	N/A	-196.95427913808018	C16H12O6	[M + H]+	JGWNHIDADWFGIJ	InChI=1S/C16H12O6/c1-6-3-8-12(16(22-2)13(6)19)15(21)11-9(14(8)20)4-7(17)5-10(11)18/h3-5,17-19H,1-2H3	2-hydroxyemodin 1-methyl ether	CC1=CC2=C(C(=C1O)OC)C(=O)C3=C(C2=O)C=C(C=C3O)O	2.70000005	10086148	COCONUT:(CNP0240205);Natural Products:(UNPD14487);PubChem:(10086148);SuperNatural:(SN00382992);PubMed;KEGG Mine	8593113154
144	1	N/A	-198.4092360008931	C16H12O6	[M + H]+	XBPGJMFPRIGVSS	InChI=1S/C16H12O6/c1-21-7-3-9-13(11(17)5-7)16(20)14-10(15(9)19)4-8(22-2)6-12(14)18/h3-6,17-18H,1-2H3	1,8-dihydroxy-3,6-dimethoxyanthracene-9,10-dione	COC1=CC2=C(C(=C1)O)C(=O)C3=C(C2=O)C=C(C=C3O)OC	2.70000005	280737	PubChem:(280737);COCONUT:(CNP0291156)	2097154
145	1	N/A	-201.15795593435416	C16H12O6	[M + H]+	LVXFNHZELZMOCC	InChI=1S/C16H12O6/c1-20-11-5-3-7-9-6-21-15-8(2-4-10(17)12(15)18)14(9)22-16(7)13(11)19/h2-5,17-19H,6H2,1H3	null	COC1=C(C2=C(C=C1)C3=C(O2)C4=C(C(=C(C=C4)O)O)OC3)O	2.4000001	50908262	COCONUT:(CNP0112915);Natural Products:(UNPD201008);PubChem:(50908262)	2129922
146	1	N/A	-203.86283250205	C16H12O6	[M + H]+	IJIOACBOMPSZIR	InChI=1S/C16H12O6/c1-8-2-9(17)4-14-16(8)13(19)7-12(21-14)6-11-3-10(18)5-15(20)22-11/h2-5,7,17-18H,6H2,1H3	null	CC1=CC(=CC2=C1C(=O)C=C(O2)CC3=CC(=CC(=O)O3)O)O	1.70000005	54685142	COCONUT:(CNP0343745);PubChem:(54685142);PubMed	2097218
147	1	N/A	-204.27122680855575	C16H12O6	[M + H]+	DDSFKIFGAPZBSR	InChI=1S/C16H12O6/c1-10(17)21-14-9-5-3-7-12(14)16(20)22-13-8-4-2-6-11(13)15(18)19/h2-9H,1H3,(H,18,19)	Acesalum	CC(=O)OC1=CC=CC=C1C(=O)OC2=CC=CC=C2C(=O)O	2.75487518	10745;6919019;90646836	NORMAN:(NS00015094);COCONUT:(CNP0069308 CNP0357071);PubChem:(10745 6919019 90646836);SuperNatural:(SN00000188);CHEBI:(94629);ZINC bio:(ZINC00002063);MeSH:(10745);PubChem class - safety and toxic;Training Set;PubMed;PubChem class - drug	104095846
148	1	N/A	-204.44576095904753	C16H12O6	[M + H]+	DFYNCWHKXQJWGT	InChI=1S/C16H12O6/c1-20-7-4-11(18)13-9-6-21-16-8(2-3-10(17)14(16)19)15(9)22-12(13)5-7/h2-5,17-19H,6H2,1H3	null	COC1=CC(=C2C3=C(C4=C(C(=C(C=C4)O)O)OC3)OC2=C1)O	2.4000001	50908263	COCONUT:(CNP0112140);Natural Products:(UNPD201007);PubChem:(50908263)	2129922
149	1	N/A	-204.5330035099129	C16H12O6	[M + H]+	RTBAXLJYFRAIMK	InChI=1S/C16H12O6/c1-22-16-10(18)3-2-8-13(16)15(21)12-9(14(8)20)4-7(6-17)5-11(12)19/h2-5,17-19H,6H2,1H3	null	COC1=C(C=CC2=C1C(=O)C3=C(C2=O)C=C(C=C3O)CO)O	1.79999995	137918203	COCONUT:(CNP0155046);Natural Products:(UNPD223143);PubChem:(137918203)	2129922
150	1	N/A	-205.82840805589586	C16H12O6	[M + H]+	TZTLUEBITFLGBR	InChI=1S/C16H12O6/c1-6-5-8(18)11-13(14(6)19)16(21)12-9(22-2)4-3-7(17)10(12)15(11)20/h3-5,17-19H,1-2H3	null	CC1=CC(=C2C(=C1O)C(=O)C3=C(C=CC(=C3C2=O)O)OC)O	2.03534102	""	COCONUT:(CNP0333869);Natural Products:(UNPD99710)	2129920
151	1	N/A	-205.9773884042256	C16H12O6	[M + H]+	XZDDKPVQCXULQZ	InChI=1S/C16H12O6/c1-6-3-9(18)12-13(14(6)19)15(20)8-4-7(17)5-10(22-2)11(8)16(12)21/h3-5,17-19H,1-2H3	Rubrocristin	CC1=CC(=C2C(=C1O)C(=O)C3=C(C2=O)C(=CC(=C3)O)OC)O	3.20000005	189825	COCONUT:(CNP0108304);KNApSAcK:(33345);Natural Products:(UNPD46208);PubChem:(189825);SuperNatural:(SN00390485);MeSH:(189825);PubMed;KEGG Mine	8593113174
152	1	N/A	-206.50372113172486	C16H12O6	[M + H]+	MJOGVUMPZLEYIH	InChI=1S/C16H12O6/c1-7-3-10(18)14-11(4-7)22-12-6-8(17)5-9(16(20)21-2)13(12)15(14)19/h3-6,17-18H,1-2H3	null	CC1=CC(=C2C(=C1)OC3=CC(=CC(=C3C2=O)C(=O)OC)O)O	3.0	23786313	COCONUT:(CNP0329665);Natural Products:(UNPD37578);PubChem:(23786313);SuperNatural:(SN00019939);CHEBI:(68288);ZINC bio:(ZINC13335396);additional;Training Set	3727394
153	1	N/A	-206.76890612438996	C16H12O6	[M + H]+	VNVIIHHARDJLGT	InChI=1S/C16H12O6/c1-7-5-10(18)13-11(6-7)22-16(20)8-3-4-9(17)15(21-2)12(8)14(13)19/h3-6,17-18H,1-2H3	null	CC1=CC(=C2C(=C1)OC(=O)C3=C(C2=O)C(=C(C=C3)O)OC)O	3.0	139587486	PubChem:(139587486);COCONUT:(CNP0354086)	2097154
154	1	N/A	-208.18614627323515	C16H12O6	[M + H]+	MYAHOBWCBIQQLV	InChI=1S/C16H12O6/c1-21-9-5-13(20)15-11(7-17)16(22-14(15)6-9)10-3-2-8(18)4-12(10)19/h2-7,18-20H,1H3	Ebenfuran II	COC1=CC(=C2C(=C1)OC(=C2C=O)C3=C(C=C(C=C3)O)O)O	2.4000001	10266789	COCONUT:(CNP0104576);Natural Products:(UNPD46573);PubChem:(10266789);SuperNatural:(SN00332889);PubMed	3178562
155	1	N/A	-209.19683229273573	C16H12O6	[M + H]+	DCNMIRIWFDFXKU	InChI=1S/C16H12O6/c1-6-3-7-11(10(4-6)22-2)15(20)12-8(13(7)18)5-9(17)14(19)16(12)21/h3-5,17,19,21H,1-2H3	9,10-Anthracenedione, 1,2,3-trihydroxy-8-methoxy-6-methyl-	CC1=CC2=C(C(=C1)OC)C(=O)C3=C(C(=C(C=C3C2=O)O)O)O	2.70000005	11098600	COCONUT:(CNP0374586);KNApSAcK:(37132);Natural Products:(UNPD95730);PubChem:(11098600);SuperNatural:(SN00341243);PubMed	3178578
156	1	N/A	-210.97399659451798	C16H12O6	[M + H]+	IOPGGNYCFGEWPF	InChI=1S/C16H12O6/c1-6-3-8-12(16(21)13(6)18)15(20)11-9(14(8)19)4-7(22-2)5-10(11)17/h3-5,17-18,21H,1-2H3	6-O-methylalaternin	CC1=CC2=C(C(=C1O)O)C(=O)C3=C(C2=O)C=C(C=C3O)OC	2.70000005	177458	COCONUT:(CNP0158342);Natural Products:(UNPD173951);PubChem:(177458);SuperNatural:(SN00365601);PubMed;KEGG Mine	8593113154
157	1	N/A	-211.5918312552771	C16H12O6	[M + H]+	BTORAPAEFMIAOH	InChI=1S/C16H12O6/c1-21-8-5-10-14(12(6-8)22-2)16(20)13-9(15(10)19)3-7(17)4-11(13)18/h3-6,17-18H,1-2H3	null	COC1=CC2=C(C(=C1)OC)C(=O)C3=C(C2=O)C=C(C=C3O)O	2.70000005	102431612	PubChem:(102431612);COCONUT:(CNP0253857)	2097154
158	1	N/A	-211.60098782027325	C16H12O6	[M + H]+	PUYQMSIYQIPSIN	InChI=1S/C16H12O6/c1-5-3-7(17)9-11(13(5)19)15(21)10-8(18)4-6(2)14(20)12(10)16(9)22/h3-4,17-20H,1-2H3	Spectrum_000390	CC1=CC(=C2C(=C1O)C(=O)C3=C(C=C(C(=C3C2=O)O)C)O)O	3.29999995	6710629	COCONUT:(CNP0306330);Natural Products:(UNPD63525);PubChem:(6710629);SuperNatural:(SN00330673);PubMed	3178562
159	1	N/A	-213.14621256862958	C16H12O6	[M + H]+	ZWGADVIKIRDGOU	InChI=1S/C16H12O6/c1-6-9(18)5-7-11(14(6)19)16(21)13-10(22-2)4-3-8(17)12(13)15(7)20/h3-5,17-19H,1-2H3	null	CC1=C(C=C2C(=C1O)C(=O)C3=C(C=CC(=C3C2=O)O)OC)O	3.20000005	85783096	COCONUT:(CNP0105648);Natural Products:(UNPD44187);PubChem:(85783096)	2129922
160	1	N/A	-213.82995921740326	C16H12O6	[M + H]+	MTBJNAQFBNXUII	InChI=1S/C16H12O6/c1-6-10(17)5-9-13(14(6)19)16(21)12-8(15(9)20)3-7(22-2)4-11(12)18/h3-5,17-19H,1-2H3	null	CC1=C(C=C2C(=C1O)C(=O)C3=C(C2=O)C=C(C=C3O)OC)O	2.70000005	14375938	COCONUT:(CNP0211296);Natural Products:(UNPD174160);PubChem:(14375938)	2129922
161	1	N/A	-215.42345953284095	C16H12O6	[M + H]+	MAPRYGMPVXSUIJ	InChI=1S/C16H12O6/c1-20-9-2-4-11-12-5-3-10(21-8-15(17)18)7-14(12)22-16(19)13(11)6-9/h2-7H,8H2,1H3,(H,17,18)	Oprea1_354588	COC1=CC2=C(C=C1)C3=C(C=C(C=C3)OCC(=O)O)OC2=O	2.5999999	713561;3450571	COCONUT:(CNP0219106 CNP0372424);PubChem:(713561 3450571);SuperNatural:(SN00043273);ZINC bio:(ZINC00107566)	3153922
162	1	N/A	-216.5510214436269	C16H12O6	[M + H]+	FLJNTQCJCKQLNH	InChI=1S/C16H12O6/c1-21-8-5-10-13(11(18)6-8)16(20)14-9(15(10)19)3-7(17)4-12(14)22-2/h3-6,17-18H,1-2H3	null	COC1=CC(=C2C(=C1)C(=O)C3=CC(=CC(=C3C2=O)OC)O)O	1.96169257	""	COCONUT:(CNP0122552);Natural Products:(UNPD21974)	2129920
163	1	N/A	-217.7273789623782	C16H12O6	[M + H]+	CWCPZOCKIFSLSG	InChI=1S/C16H12O6/c1-7-3-10(17)14-11(4-7)22-12-6-8(21-2)5-9(16(19)20)13(12)15(14)18/h3-6,17H,1-2H3,(H,19,20)	null	CC1=CC(=C2C(=C1)OC3=CC(=CC(=C3C2=O)C(=O)O)OC)O	2.5575428	""	COCONUT:(CNP0338976)	2097152
164	1	N/A	-219.02200391993858	C16H12O6	[M + H]+	CRSCFMCOVDYDLN	InChI=1S/C16H12O6/c1-6-9(18)5-7-11(14(6)19)16(21)12-8(17)3-4-10(22-2)13(12)15(7)20/h3-5,17-19H,1-2H3	null	CC1=C(C=C2C(=C1O)C(=O)C3=C(C=CC(=C3C2=O)OC)O)O	2.03534102	""	COCONUT:(CNP0303069);Natural Products:(UNPD59475);SuperNatural:(SN00369650)	3178496
165	1	N/A	-219.51090581732035	C16H12O6	[M + H]+	QVFIGKFATKJQMG	InChI=1S/C16H12O6/c1-6-12-9(5-11(18)14(6)19)15(20)8-3-7(22-2)4-10(17)13(8)16(12)21/h3-5,17-19H,1-2H3	null	CC1=C2C(=CC(=C1O)O)C(=O)C3=C(C2=O)C(=CC(=C3)OC)O	2.70000005	101449393	PubChem:(101449393);COCONUT:(CNP0401814)	2097154
166	1	N/A	-220.96887516716302	C16H12O6	[M + H]+	RKKNEAULDUVCCO	InChI=1S/C16H12O6/c1-7-2-10(15(21)12(19)3-7)14-6-11(18)9-4-8(17)5-13(20)16(9)22-14/h2-6,17,19-21H,1H3	null	CC1=CC(=C(C(=C1)O)O)C2=CC(=O)C3=C(O2)C(=CC(=C3)O)O	2.0999999	71665587	PubChem:(71665587);COCONUT:(CNP0353881)	2097154
167	1	N/A	-221.34006959398266	C16H12O6	[M + H]+	VUUONEBXXLQCQX	InChI=1S/C16H12O6/c1-6-3-9(17)12-13(14(6)19)15(20)8-4-7(22-2)5-10(18)11(8)16(12)21/h3-5,17-19H,1-2H3	Erythroglaucin	CC1=CC(=C2C(=C1O)C(=O)C3=C(C2=O)C(=CC(=C3)OC)O)O	3.20000005	10152	COCONUT:(CNP0209493);KNApSAcK:(35307);Natural Products:(UNPD102731);PubChem:(10152);SuperNatural:(SN00391611);CHEBI:(68790);additional;PubMed;KEGG Mine	8593637490
168	1	N/A	-221.34006959398266	C16H12O6	[M + H]+	PNVMUNDAILVUIN	InChI=1S/C16H12O6/c1-6-3-9(17)12-13(14(6)19)16(21)11-8(15(12)20)4-7(22-2)5-10(11)18/h3-5,17-19H,1-2H3	null	CC1=CC(=C2C(=C1O)C(=O)C3=C(C2=O)C=C(C=C3O)OC)O	3.20000005	13997239	COCONUT:(CNP0321140);Natural Products:(UNPD82314);PubChem:(13997239);SuperNatural:(SN00284828)	3178498
169	1	N/A	-223.34274441727914	C16H12O6	[M + H]+	HAQBTDDAPNUETN	InChI=1S/C16H12O6/c1-20-9-3-8(7-17)15-10-6-13(21-2)12(18)5-11(10)16(19)22-14(15)4-9/h3-7,18H,1-2H3	null	COC1=CC(=C2C3=CC(=C(C=C3C(=O)OC2=C1)O)OC)C=O	2.0999999	24813535	COCONUT:(CNP0288990);KNApSAcK:(30475);Natural Products:(UNPD158281);PubChem:(24813535);SuperNatural:(SN00368318)	3178514
170	1	N/A	-224.73874115720986	C16H12O6	[M + H]+	CDOFUOUENPZVAF	InChI=1S/C16H12O6/c1-7-3-9(17)13-11(4-7)22-12-6-8(16(19)20)5-10(21-2)14(12)15(13)18/h3-6,17H,1-2H3,(H,19,20)	null	CC1=CC(=C2C(=C1)OC3=C(C2=O)C(=CC(=C3)C(=O)O)OC)O	3.0	102191487	COCONUT:(CNP0203341);Natural Products:(UNPD210610);PubChem:(102191487)	2129922
171	1	N/A	-229.0929123780548	C16H12O6	[M + H]+	KCRYZHDWIWWELK	InChI=1S/C16H12O6/c1-22-10-5-4-9(18)12-13(10)15(20)8-3-2-7(6-17)14(19)11(8)16(12)21/h2-5,17-19H,6H2,1H3	9,10-Anthracenedione, 1,8-dihydroxy-2-(hydroxymethyl)-5-methoxy-	COC1=C2C(=C(C=C1)O)C(=O)C3=C(C2=O)C=CC(=C3O)CO	1.79999995	14189688	COCONUT:(CNP0372278);Natural Products:(UNPD111960);PubChem:(14189688);SuperNatural:(SN00403893);PubMed	3178562
172	1	N/A	-229.46003731993451	C16H12O6	[M + H]+	ZOTYVTMFTQVAFY	InChI=1S/C16H12O6/c1-21-11-6-10-12(16(22-2)15(11)20)14(19)8-4-3-7(17)5-9(8)13(10)18/h3-6,17,20H,1-2H3	null	COC1=C(C(=C2C(=C1)C(=O)C3=C(C2=O)C=CC(=C3)O)OC)O	2.0999999	15118826	COCONUT:(CNP0227996);Natural Products:(UNPD90911);PubChem:(15118826);SuperNatural:(SN00324198)	3178498
173	1	N/A	-231.62147419262394	C16H12O6	[M + H]+	SNBGJGNOQURXCI	InChI=1S/C16H12O6/c1-22-12-5-8(18)4-10-14(12)16(21)13-9(15(10)20)2-7(6-17)3-11(13)19/h2-5,17-19H,6H2,1H3	Questinol	COC1=CC(=CC2=C1C(=O)C3=C(C2=O)C=C(C=C3O)CO)O	1.79999995	147621	COCONUT:(CNP0182388);HMDB:(34443);Natural Products:(UNPD119858);PubChem:(147621);SuperNatural:(SN00157674);CHEBI:(81349);additional;PubChem class - bio and metabolites;KEGG:(C17811);Training Set	20496682
174	1	N/A	-232.29016002113957	C16H12O6	[M + H]+	XNMZBRJAWRIJII	InChI=1S/C16H12O6/c1-22-12-3-7(6-17)2-9-14(12)16(21)13-10(15(9)20)4-8(18)5-11(13)19/h2-5,17-19H,6H2,1H3	carviolin	COC1=CC(=CC2=C1C(=O)C3=C(C2=O)C=C(C=C3O)O)CO	1.79999995	10040432	COCONUT:(CNP0180400);KNApSAcK:(31650);Natural Products:(UNPD120975);PubChem:(10040432);SuperNatural:(SN00037113);ZINC bio:(ZINC14811261);additional;Training Set;PubMed;KEGG Mine	8593662034
175	1	N/A	-233.39613483501793	C16H12O6	[M + H]+	ORWIPODJYWLODD	InChI=1S/C16H12O6/c1-20-14(18)8-21-9-6-11(17)15-13(7-9)22-12-5-3-2-4-10(12)16(15)19/h2-7,17H,8H2,1H3	methyl 2-(1-hydroxy-9-oxoxanthen-3-yl)oxyacetate	COC(=O)COC1=CC(=C2C(=C1)OC3=CC=CC=C3C2=O)O	3.0999999	6216559	COCONUT:(CNP0322050);PubChem:(6216559);SuperNatural:(SN00077284);ZINC bio:(ZINC08486212)	3153922
176	1	N/A	-236.78960012492067	C16H12O6	[M + H]+	VSTYNXSDWGXESE	InChI=1S/C16H12O6/c1-22-6-9-11(18)5-8-13(15(9)20)16(21)12-7(14(8)19)3-2-4-10(12)17/h2-5,17-18,20H,6H2,1H3	null	COCC1=C(C=C2C(=C1O)C(=O)C3=C(C2=O)C=CC=C3O)O	1.51670468	""	COCONUT:(CNP0161172);Natural Products:(UNPD96354);SuperNatural:(SN00396306);KEGG Mine	8593113088
177	1	N/A	-237.61037748160726	C16H12O6	[M + H]+	NBGHMZZFGYSLBV	InChI=1S/C16H12O6/c1-21-10-6-11(18)15-12(19)8-14(22-13(15)7-10)16(20)4-2-9(17)3-5-16/h2-8,18,20H,1H3	5-hydroxy-2-(1-hydroxy-4-oxocyclohexa-2,5-dien-1-yl)-7-methoxychromen-4-one	COC1=CC(=C2C(=C1)OC(=CC2=O)C3(C=CC(=O)C=C3)O)O	1.29999995	394646	COCONUT:(CNP0389111);Natural Products:(UNPD81229);PubChem:(394646);SuperNatural:(SN00305723);PubMed	3178562
178	1	N/A	-238.12997693432393	C16H12O6	[M + H]+	VJFPLCHRWFQSPY	InChI=1S/C16H12O6/c1-7-3-10(18)14-12(4-7)22-16(20)9-5-8(17)6-11(21-2)13(9)15(14)19/h3-6,17-18H,1-2H3	null	CC1=CC(=C2C(=C1)OC(=O)C3=C(C2=O)C(=CC(=C3)O)OC)O	3.0	46918631	COCONUT:(CNP0154427);Natural Products:(UNPD177495);PubChem:(46918631);SuperNatural:(SN00263793)	3178498
179	1	N/A	-238.4921800957729	C16H12O6	[M + H]+	QPAINZVYGPYFIU	InChI=1S/C16H12O6/c1-22-6-9-11(18)5-8-13(16(9)21)14(19)7-3-2-4-10(17)12(7)15(8)20/h2-5,17-18,21H,6H2,1H3	9,10-Anthracenedione, 1,3,5-trihydroxy-2-(methoxymethyl)-	COCC1=C(C=C2C(=C1O)C(=O)C3=C(C2=O)C(=CC=C3)O)O	2.5999999	44575883	COCONUT:(CNP0240762);Natural Products:(UNPD137573);PubChem:(44575883);SuperNatural:(SN00379345);PubMed;KEGG Mine	8593113154
180	1	N/A	-244.80897900959934	C16H12O6	[M + H]+	YORBEERUZSPCLM	InChI=1S/C16H12O6/c1-7-3-12-9(6-11(7)18)15(19)14-10(16(20)21-2)4-8(17)5-13(14)22-12/h3-6,17-18H,1-2H3	null	CC1=CC2=C(C=C1O)C(=O)C3=C(C=C(C=C3O2)O)C(=O)OC	2.5	71623282	PubChem:(71623282);COCONUT:(CNP0355899)	2097154
181	1	N/A	-245.50264419753393	C16H12O6	[M + H]+	UUPGDVDSPBUICO	InChI=1S/C16H12O6/c17-12-4-2-1-3-9(12)5-6-13(18)10-7-11(16(21)22)15(20)8-14(10)19/h1-8,17,19-20H,(H,21,22)	2,4-dihydroxy-5-[(E)-3-(2-hydroxyphenyl)prop-2-enoyl]benzoic acid	C1=CC=C(C(=C1)C=CC(=O)C2=CC(=C(C=C2O)O)C(=O)O)O	3.29999995	54925;6435416;96892114	PubChem:(54925 6435416 96892114);PubChem class - safety and toxic	67108866
182	1	N/A	-246.98415538238092	C16H12O6	[M + H]+	WJXSYUJKJSOJOG	InChI=1S/C16H12O6/c1-22-8-4-10-14(12(19)5-8)16(21)13-9(15(10)20)2-7(6-17)3-11(13)18/h2-5,17-19H,6H2,1H3	Fallacinol	COC1=CC2=C(C(=C1)O)C(=O)C3=C(C2=O)C=C(C=C3O)CO	1.79999995	3083633	COCONUT:(CNP0127006);Natural Products:(UNPD29220);PubChem:(3083633);SuperNatural:(SN00037112);CHEBI:(144153);ZINC bio:(ZINC14811257);additional;KEGG Mine	8593645602
183	1	N/A	-247.94910322353084	C16H12O6	[M + H]+	WKEOZXMSVNVPCM	InChI=1S/C16H12O6/c1-21-12-3-2-8(4-10(12)18)5-14-16(20)15-11(19)6-9(17)7-13(15)22-14/h2-7,17-19H,1H3	(2Z)-4,6-dihydroxy-2-[(3-hydroxy-4-methoxyphenyl)methylidene]-1-benzofuran-3-one	COC1=C(C=C(C=C1)C=C2C(=O)C3=C(C=C(C=C3O2)O)O)O	3.0999999	6476403	COCONUT:(CNP0339480);PubChem:(6476403);SuperNatural:(SN00029862);ZINC bio:(ZINC31166164);additional;Training Set;PubMed;KEGG Mine	8593629250
184	1	N/A	-248.31207840020895	C16H12O6	[M + H]+	KANMWSPXIDTVJV	InChI=1S/C16H12O6/c1-22-16-7(6-17)2-3-8-11(16)15(21)13-10(19)5-4-9(18)12(13)14(8)20/h2-5,17-19H,6H2,1H3	null	COC1=C(C=CC2=C1C(=O)C3=C(C=CC(=C3C2=O)O)O)CO	1.51670468	""	COCONUT:(CNP0260105);Natural Products:(UNPD14321);SuperNatural:(SN00302293)	3178496
185	1	N/A	-249.2014958371099	C16H12O6	[M + H]+	BMFNFZCSBJYODL	InChI=1S/C16H12O6/c1-19-16(18)13-6-5-12(21-13)9-20-11-4-2-10-3-7-15(17)22-14(10)8-11/h2-8H,9H2,1H3	Oprea1_371295	COC(=O)C1=CC=C(O1)COC2=CC3=C(C=C2)C=CC(=O)O3	2.70000005	751234	COCONUT:(CNP0224477);PubChem:(751234);SuperNatural:(SN00044000);PubMed;ZINC bio:(ZINC00200908)	3153986
186	1	N/A	-251.60802462988636	C16H12O6	[M + H]+	XJDPNXFTYFNUHZ	InChI=1S/C16H12O6/c1-8-3-2-4-10-15(20)14-11(17)5-9(21-7-13(18)19)6-12(14)22-16(8)10/h2-6,17H,7H2,1H3,(H,18,19)	2-(1-hydroxy-5-methyl-9-oxoxanthen-3-yl)oxyacetate	CC1=C2C(=CC=C1)C(=O)C3=C(C=C(C=C3O2)OCC(=O)O)O	3.0999999	7096710;6221860	COCONUT:(CNP0052570 CNP0261626);PubChem:(7096710 6221860);SuperNatural:(SN00096881);ZINC bio:(ZINC20756959)	3153922
187	1	N/A	-252.2965339296769	C16H12O6	[M + H]+	GNLLIBGHYHCFGT	InChI=1S/C16H12O6/c1-22-7-2-3-8-9(4-7)14(19)10-5-12(18)11(6-17)16(21)13(10)15(8)20/h2-5,17-18,21H,6H2,1H3	null	COC1=CC2=C(C=C1)C(=O)C3=C(C(=C(C=C3C2=O)O)CO)O	2.29999995	123244216	COCONUT:(CNP0263056);Natural Products:(UNPD139108);PubChem:(123244216);SuperNatural:(SN00234543);PubMed	3178562
188	1	N/A	-253.397447504334	C16H12O6	[M + H]+	ROBVUHWNBUASTR	InChI=1S/C16H12O6/c1-7-5-10(18)13-11(6-7)22-15-9(17)4-3-8(16(20)21-2)12(15)14(13)19/h3-6,17-18H,1-2H3	null	CC1=CC(=C2C(=C1)OC3=C(C=CC(=C3C2=O)C(=O)OC)O)O	3.0	102300482	COCONUT:(CNP0280379);Natural Products:(UNPD2732);PubChem:(102300482);SuperNatural:(SN00372586)	3178498
189	1	N/A	-253.4926581240812	C16H12O6	[M + H]+	YVFJBYLLLWUXQF	InChI=1S/C16H12O6/c1-7-3-10(17)14-12(4-7)22-16(20)9-5-8(21-2)6-11(18)13(9)15(14)19/h3-6,17-18H,1-2H3	null	CC1=CC(=C2C(=C1)OC(=O)C3=C(C2=O)C(=CC(=C3)OC)O)O	3.0	139587427	COCONUT:(CNP0255574);Natural Products:(UNPD229672);PubChem:(139587427)	2129922
190	1	N/A	-254.29096463201648	C16H12O6	[M + H]+	PFRGTMTYWMVLMU	InChI=1S/C16H12O6/c1-21-16-11(18)5-3-9-14(20)13(22-15(9)16)7-8-2-4-10(17)12(19)6-8/h2-7,17-19H,1H3	Leptosidin	COC1=C(C=CC2=C1OC(=CC3=CC(=C(C=C3)O)O)C2=O)O	2.5	441700;5281257;9900932	COCONUT:(CNP0227150);KNApSAcK:(8030);Natural Products:(UNPD102322);PubChem:(441700 5281257 9900932);SuperNatural:(SN00362200);CHEBI:(6412);MeSH:(5281257);KEGG:(C08651);PubMed	3178870
191	1	N/A	-254.3841959423832	C16H12O6	[M + H]+	IUOYPUBCUGWNGT	InChI=1S/C16H12O6/c1-22-16-9(6-17)11(19)5-8-13(16)14(20)7-3-2-4-10(18)12(7)15(8)21/h2-5,17-19H,6H2,1H3	juzunol	COC1=C2C(=CC(=C1CO)O)C(=O)C3=C(C2=O)C=CC=C3O	2.29999995	12304766	COCONUT:(CNP0299429);Natural Products:(UNPD55257);PubChem:(12304766);SuperNatural:(SN00377995);PubMed	3178562
192	1	N/A	-254.43619868150677	C16H12O6	[M + H]+	KMNJTAQXPSBWQA	InChI=1S/C16H12O6/c1-22-11-3-2-9(18)13-14(11)15(20)8-4-7(6-17)5-10(19)12(8)16(13)21/h2-5,17-19H,6H2,1H3	null	COC1=C2C(=C(C=C1)O)C(=O)C3=C(C2=O)C=C(C=C3O)CO	1.51670468	""	COCONUT:(CNP0075283)	2097152
193	1	N/A	-254.82659782200986	C16H12O6	[M + H]+	LRQLJNGBYUMLTD	InChI=1S/C16H12O6/c1-7-5-10(17)12-11(6-7)22-15-8(13(12)18)3-4-9(14(15)19)16(20)21-2/h3-6,17,19H,1-2H3	null	CC1=CC(=C2C(=C1)OC3=C(C2=O)C=CC(=C3O)C(=O)OC)O	2.5575428	""	COCONUT:(CNP0071659)	2097152
194	1	N/A	-255.45017645053665	C16H12O6	[M + H]+	CFAXKRNPHJYYNQ	InChI=1S/C16H12O6/c17-9-4-2-1-3-8(9)11-5-10(18)14-12(22-11)6-13-16(15(14)19)21-7-20-13/h1-4,6,11,17,19H,5,7H2	5,2''-Dihydroxy-6,7-methylenedioxyflavanone	C1C(OC2=CC3=C(C(=C2C1=O)O)OCO3)C4=CC=CC=C4O	2.5999999	42608090;74819425	COCONUT:(CNP0299886);KNApSAcK:(14115);Natural Products:(UNPD72256 UNPD55795);PubChem:(42608090 74819425);SuperNatural:(SN00255193 SN00259844)	3178514
195	1	N/A	-256.5859734307169	C16H12O6	[M + H]+	XNHWQNPFLGIETD	InChI=1S/C16H12O6/c1-20-13-6-8(15(18)21-2)5-11-10-4-3-9(17)7-12(10)16(19)22-14(11)13/h3-7,17H,1-2H3	null	COC1=CC(=CC2=C1OC(=O)C3=C2C=CC(=C3)O)C(=O)OC	2.5	132546250	PubChem:(132546250);COCONUT:(CNP0353557)	2097154
196	1	N/A	-258.6627571676331	C16H12O6	[M + H]+	SBMXVFLOHBSCJO	InChI=1S/C16H12O6/c1-21-11-4-2-3-9-13(11)15(19)14-10(18)5-8(7-17)6-12(14)22-16(9)20/h2-6,17-18H,7H2,1H3	null	COC1=CC=CC2=C1C(=O)C3=C(C=C(C=C3OC2=O)CO)O	2.0999999	10685592	COCONUT:(CNP0157079);Natural Products:(UNPD61410);PubChem:(10685592);SuperNatural:(SN00233840)	3178498
197	1	N/A	-260.3583226542726	C16H12O6	[M + H]+	UMXYMLMBQKTCNB	InChI=1S/C16H12O6/c17-9-3-8-4-10(7-1-2-11(18)12(19)5-7)15(21)16(22)14(8)13(20)6-9/h1-3,5-6,17-21H,4H2	null	C1C2=C(C(=CC(=C2)O)O)C(=O)C(=C1C3=CC(=C(C=C3)O)O)O	1.73966992	""	COCONUT:(CNP0263529)	2097152
198	1	N/A	-261.634879012867	C16H12O6	[M + H]+	ZUJPCSCNGYJPAF	InChI=1S/C16H12O6/c1-21-12-6-9(17)7-13-15(12)16(20)14(22-13)5-8-2-3-10(18)11(19)4-8/h2-7,17-19H,1H3	Rengasin	COC1=CC(=CC2=C1C(=O)C(=CC3=CC(=C(C=C3)O)O)O2)O	2.5	42607779;73950876;101593135	COCONUT:(CNP0283191);KNApSAcK:(8028);Natural Products:(UNPD140483);PubChem:(42607779 73950876 101593135);SuperNatural:(SN00367576);KEGG Mine	8593113106
199	1	N/A	-264.464941201645	C16H12O6	[M + H]+	BQOVQGSBHRLTFG	InChI=1S/C16H12O6/c1-7-5-10(21-2)13-11(6-7)22-9-4-3-8(17)12(16(19)20)14(9)15(13)18/h3-6,17H,1-2H3,(H,19,20)	2-hydroxy-8-methoxy-6-methyl-9-oxoxanthene-1-carboxylic acid	CC1=CC2=C(C(=C1)OC)C(=O)C3=C(O2)C=CC(=C3C(=O)O)O	3.0	11438030	COCONUT:(CNP0310432);Natural Products:(UNPD68330);PubChem:(11438030);SuperNatural:(SN00336084);PubMed	3178562
200	1	N/A	-265.33815410725396	C16H12O6	[M + H]+	UBYOEDLUKKPPPN	InChI=1S/C16H12O6/c1-21-16(20)9-3-2-4-11-13(9)15(19)14-10(18)5-8(7-17)6-12(14)22-11/h2-6,17-18H,7H2,1H3	methyl 8-hydroxy-6-(hydroxymethyl)-9-oxo-9H-xanthene-1-carboxylate	COC(=O)C1=C2C(=CC=C1)OC3=CC(=CC(=C3C2=O)O)CO	2.0999999	23872092	COCONUT:(CNP0187806);Natural Products:(UNPD41545);PubChem:(23872092);SuperNatural:(SN00020615);CHEBI:(68227);ZINC bio:(ZINC14455391);additional;PubMed	3711074
201	1	N/A	-266.35678823326356	C16H12O6	[M + H]+	TWQNCGDOHUNFFU	InChI=1S/C16H12O6/c1-7-5-9(18)12-11(6-7)22-10-4-3-8(17)13(16(20)21-2)14(10)15(12)19/h3-6,17-18H,1-2H3	Pinselin	CC1=CC(=C2C(=C1)OC3=C(C2=O)C(=C(C=C3)O)C(=O)OC)O	3.5999999	5377796	COCONUT:(CNP0140886);KNApSAcK:(30199);Natural Products:(UNPD190956);PubChem:(5377796);CHEBI:(68229)	2129970
202	1	N/A	-268.2539158714562	C16H12O6	[M + H]+	UTXDNFSXFFFWGI	InChI=1S/C16H12O6/c1-22-6-11-12(18)5-10-13(16(11)21)15(20)8-3-2-7(17)4-9(8)14(10)19/h2-5,17-18,21H,6H2,1H3	null	COCC1=C(C=C2C(=C1O)C(=O)C3=C(C2=O)C=C(C=C3)O)O	2.0	10935460	COCONUT:(CNP0151165);Natural Products:(UNPD31);PubChem:(10935460);SuperNatural:(SN00253327);PubMed;KEGG Mine	8593113154
203	1	N/A	-268.86906939287445	C16H12O6	[M + H]+	CECIGAJNAXVKLD	InChI=1S/C16H12O6/c1-22-13-5-10-9(2-7(13)6-17)15(20)11-3-8(18)4-12(19)14(11)16(10)21/h2-5,17-19H,6H2,1H3	9,10-Anthracenedione, 1,3-dihydroxy-6-(hydroxymethyl)-7-methoxy-	COC1=CC2=C(C=C1CO)C(=O)C3=C(C2=O)C(=CC(=C3)O)O	1.79999995	11415345	PubChem:(11415345);COCONUT:(CNP0353663)	2097154
204	1	N/A	-273.2752943683977	C16H12O6	[M + H]+	WSXGFKXUWAEWCJ	InChI=1S/C16H12O6/c1-9-6-15(17)22-14-7-10(2-4-12(9)14)20-8-11-3-5-13(21-11)16(18)19/h2-7H,8H2,1H3,(H,18,19)	Oprea1_331081	CC1=CC(=O)OC2=C1C=CC(=C2)OCC3=CC=C(O3)C(=O)O	2.29999995	751250;3295245	COCONUT:(CNP0069527 CNP0367218);PubChem:(751250 3295245);SuperNatural:(SN00044006);PubMed;ZINC bio:(ZINC00200926)	3153986
205	1	N/A	-274.2655952783952	C16H12O6	[M + H]+	ZRNJAOMUWYEWJY	InChI=1S/C16H12O6/c1-9-11(6-14(21-9)16(18)19)8-20-12-4-2-10-3-5-15(17)22-13(10)7-12/h2-7H,8H2,1H3,(H,18,19)	Oprea1_848616	CC1=C(C=C(O1)C(=O)O)COC2=CC3=C(C=C2)C=CC(=O)O3	2.70000005	705663;4080636	COCONUT:(CNP0022532 CNP0137751);PubChem:(705663 4080636);SuperNatural:(SN00043055);ZINC bio:(ZINC00091024)	3153922
206	1	N/A	-274.29266602858013	C16H12O6	[M + H]+	MEQSKFCSGPLKKJ	InChI=1S/C16H12O6/c1-20-9-6-7-11-13(14(9)16(19)21-2)15(18)12-8(17)4-3-5-10(12)22-11/h3-7,17H,1-2H3	methyl 8-hydroxy-2-methoxy-9-oxoxanthene-1-carboxylate	COC1=C(C2=C(C=C1)OC3=CC=CC(=C3C2=O)O)C(=O)OC	3.0	14309395	COCONUT:(CNP0195288);Natural Products:(UNPD10499);PubChem:(14309395);SuperNatural:(SN00356517)	3178498
207	1	N/A	-277.322743589598	C16H12O6	[M + H]+	GJZVTQNBNWGGSJ	InChI=1S/C16H12O6/c17-14-11(15(18)19)7-4-8-12(14)22-13(16(20)21)9-10-5-2-1-3-6-10/h1-9,17H,(H,18,19)(H,20,21)	phenyl-AMT	C1=CC=C(C=C1)C=C(C(=O)O)OC2=CC=CC(=C2O)C(=O)O	3.29999995	46934154;46934155;70702099;75242816	PubChem:(46934154 46934155 70702099 75242816);PubMed;PubChem class - bio and metabolites	16777282
208	1	N/A	-278.38834614380625	C16H12O6	[M + H]+	RBRJYBKTOSZUCR	InChI=1S/C16H12O6/c1-21-9-6-12(19)15-13(7-9)22-14(16(15)20)5-8-2-3-10(17)11(18)4-8/h2-7,17-19H,1H3	null	COC1=CC(=C2C(=C1)OC(=CC3=CC(=C(C=C3)O)O)C2=O)O	2.22787118	""	COCONUT:(CNP0155605);Natural Products:(UNPD220169 UNPD176418);KEGG Mine	8592064512
209	1	N/A	-279.31594042137743	C16H12O6	[M + H]+	GSXUMSFRTKYHFT	InChI=1S/C16H12O6/c17-10-5-13(20)15-14(6-10)22-7-9(16(15)21)3-8-1-2-11(18)12(19)4-8/h1-6,17-20H,7H2	null	C1C(=CC2=CC(=C(C=C2)O)O)C(=O)C3=C(C=C(C=C3O1)O)O	1.67621219	""	COCONUT:(CNP0196086);Natural Products:(UNPD211261)	2129920
210	1	N/A	-281.84763126844814	C16H12O6	[M + H]+	NQGBRLORBKOTTH	InChI=1S/C16H12O6/c1-7-3-9(11(18)6-10(7)17)16-15(20)14-12(19)4-8(21-2)5-13(14)22-16/h3-6H,1-2H3,(H2-,17,18,19,20)/p+1	null	CC1=C(C=C(C(=C1)C2=[O+]C3=CC(=CC(=C3C2=O)O)OC)O)O	0.0	""	COCONUT:(CNP0051628);Natural Products:(UNPD95184);SuperNatural:(SN00252058)	3178496
211	1	N/A	-284.12521424696257	C16H12O6	[M + H]+	DOFLNDASWRCTNW	InChI=1S/C16H12O6/c17-7-9-3-8(1-2-11(9)19)14-6-13(21)16-12(20)4-10(18)5-15(16)22-14/h1-5,7,14,18-20H,6H2	null	C1C(OC2=CC(=CC(=C2C1=O)O)O)C3=CC(=C(C=C3)O)C=O	2.4000001	102127187	COCONUT:(CNP0254002);Natural Products:(UNPD211217);PubChem:(102127187)	2129922
212	1	N/A	-284.7815366010949	C16H12O6	[M + H]+	APZXMGSEKPQHCA	InChI=1S/C16H12O6/c1-7-6-10-12(13(14(7)18)16(20)21-2)15(19)11-8(17)4-3-5-9(11)22-10/h3-6,17-18H,1-2H3	null	CC1=CC2=C(C(=C1O)C(=O)OC)C(=O)C3=C(C=CC=C3O2)O	3.5999999	44577694	COCONUT:(CNP0293010);Natural Products:(UNPD127862);PubChem:(44577694);PubMed	2129986
213	1	N/A	-286.10945602849415	C16H12O6	[M + H]+	RDSNBXLYTVVLLM	InChI=1S/C16H12O6/c1-22-16-11(6-17)12(19)5-10-13(16)15(21)8-3-2-7(18)4-9(8)14(10)20/h2-5,17-19H,6H2,1H3	null	COC1=C2C(=CC(=C1CO)O)C(=O)C3=C(C2=O)C=CC(=C3)O	1.79999995	10990227	COCONUT:(CNP0301488);Natural Products:(UNPD57592);PubChem:(10990227);SuperNatural:(SN00264910);PubMed	3178562
214	1	N/A	-289.3416714869856	C16H12O6	[M + H]+	FFPTUNHKEQKODI	InChI=1S/C16H12O6/c17-16(11-2-4-13-15(6-11)22-9-20-13)18-7-10-1-3-12-14(5-10)21-8-19-12/h1-6H,7-9H2	Oprea1_119495	C1OC2=C(O1)C=C(C=C2)COC(=O)C3=CC4=C(C=C3)OCO4	2.9000001	885287	COCONUT:(CNP0341198);PubChem:(885287);SuperNatural:(SN00045460);ZINC bio:(ZINC00457423)	3153922
215	1	N/A	-290.56539431475903	C16H12O6	[M + H]+	FMNORJDMOXUEDR	InChI=1S/C16H12O6/c1-7-3-11(18)13-12(4-7)22-15-9(14(13)19)5-8(17)6-10(15)16(20)21-2/h3-6,17-18H,1-2H3	null	CC1=CC(=C2C(=C1)OC3=C(C2=O)C=C(C=C3C(=O)OC)O)O	3.0	129861792	COCONUT:(CNP0316343);Natural Products:(UNPD75833);PubChem:(129861792)	2129922
216	1	N/A	-292.216166072694	C16H12O6	[M + H]+	FAPWSAQOVOBPCP	InChI=1S/C16H12O6/c17-8-1-2-9-13(3-8)20-6-11(16(9)19)10-4-14-15(5-12(10)18)22-7-21-14/h1-5,11,17-18H,6-7H2	Sophorol	C1C(C(=O)C2=C(O1)C=C(C=C2)O)C3=CC4=C(C=C3O)OCO4	2.20000005	6452639;23724667;23724668	SuperNatural:(SN00336151 SN00385306);MeSH:(6452639);Plantcyc:(CPD-3630);PubMed;COCONUT:(CNP0274492);KNApSAcK:(650);Natural Products:(UNPD146028 UNPD187574);PubChem:(6452639 23724667 23724668);CHEBI:(80394 80395);PubChem class - bio and metabolites;KEGG:(C16227 C16228);Biocyc:(CPD-3630)	20089206
217	1	N/A	-295.68231555732643	C16H12O6	[M + H]+	QNMYAYDPWHAXCP	InChI=1S/C16H12O6/c17-10-1-8-12(3-11(10)18)19-5-9-7-2-14-15(21-6-20-14)4-13(7)22-16(8)9/h1-4,9,16-18H,5-6H2	2-hydroxymaackiain	C1C2C(C3=CC(=C(C=C3O1)O)O)OC4=CC5=C(C=C24)OCO5	2.0999999	14680315;11953548;25265920	COCONUT:(CNP0294271);KNApSAcK:(10008);Natural Products:(UNPD183110);PubChem:(14680315 11953548 25265920);SuperNatural:(SN00331008);PubMed;KEGG Mine	8593113170
218	1	N/A	-295.99812987678274	C16H12O6	[M + H]+	SCYVPEQZLVCGHG	InChI=1S/C16H12O6/c17-9-4-10(18)16-11(19)6-13(22-15(16)5-9)8-1-2-12-14(3-8)21-7-20-12/h1-5,13,17-18H,6-7H2	null	C1C(OC2=CC(=CC(=C2C1=O)O)O)C3=CC4=C(C=C3)OCO4	2.5999999	13900853	COCONUT:(CNP0310626);Natural Products:(UNPD41395);PubChem:(13900853);PubMed	2129986
219	1	N/A	-299.813451749669	C16H12O6	[M + H]+	QPSISEZSKKTUCP	InChI=1S/C16H12O6/c1-20-11-4-2-9(3-5-11)6-14-16(19)22-15-12(18)7-10(17)8-13(15)21-14/h2-8,17-18H,1H3	null	COC1=CC=C(C=C1)C=C2C(=O)OC3=C(C=C(C=C3O2)O)O	2.79999995	9971985;10357420	COCONUT:(CNP0303146);Natural Products:(UNPD71700);PubChem:(9971985 10357420);SuperNatural:(SN00234910)	3178498
220	1	N/A	-300.96837851058484	C16H12O6	[M + H]+	WVADKXWSLHLDCL	InChI=1S/C16H12O6/c17-12-11-9(6-10-16(13(11)18)21-7-20-10)22-15(14(12)19)8-4-2-1-3-5-8/h1-6,14-15,18-19H,7H2	null	C1OC2=C(O1)C(=C3C(=C2)OC(C(C3=O)O)C4=CC=CC=C4)O	2.4000001	56666462;76390859	COCONUT:(CNP0260399);HMDB:(33321);KNApSAcK:(8598);Natural Products:(UNPD54224 UNPD188663);PubChem:(56666462 76390859);SuperNatural:(SN00302841 SN00349763);PubChem class - bio and metabolites;PubMed	19955802
221	1	N/A	-301.8829607566869	C16H12O6	[M + H]+	LEAOMQYNYFRDAT	InChI=1S/C16H12O6/c1-7-10(18)6-12-14(15(7)20)16(21)13(22-12)5-8-2-3-9(17)11(19)4-8/h2-6,17-20H,1H3	4,6,3'',4''-Tetrahydroxy-5-methylaurone	CC1=C(C2=C(C=C1O)OC(=CC3=CC(=C(C=C3)O)O)C2=O)O	3.0999999	42607771	COCONUT:(CNP0412266);KNApSAcK:(14653);Natural Products:(UNPD115408 UNPD215872);PubChem:(42607771);SuperNatural:(SN00271359);KEGG Mine	8593113106
222	1	N/A	-301.8858285140472	C16H12O6	[M + H]+	KVXCWSDWGOWJSF	InChI=1S/C16H12O6/c1-7(17)11-6-9-13(18)8-4-5-10(20-2)16(21-3)12(8)14(19)15(9)22-11/h4-6H,1-3H3	null	CC(=O)C1=CC2=C(O1)C(=O)C3=C(C2=O)C=CC(=C3OC)OC	2.20000005	11098601	COCONUT:(CNP0161336);Natural Products:(UNPD171177);PubChem:(11098601);SuperNatural:(SN00233888)	3178498
223	1	N/A	-304.0099574717535	C16H12O6	[M + H]+	GGIPOZCJJKKBBV	InChI=1S/C16H12O6/c17-10-2-1-7-15-9(5-19-16(7)14(10)18)8-3-12-13(21-6-20-12)4-11(8)22-15/h1-4,9,15,17-18H,5-6H2	4-Hydroxymaackiain	C1C2C(C3=C(O1)C(=C(C=C3)O)O)OC4=CC5=C(C=C24)OCO5	2.0999999	9994947;11472095;24013844	COCONUT:(CNP0290912);KNApSAcK:(19171);Natural Products:(UNPD160267 UNPD169122);PubChem:(9994947 11472095 24013844);SuperNatural:(SN00313692 SN00394869);MeSH:(24013844);PubMed;KEGG Mine	8593113174
224	1	N/A	-305.7015687477798	C16H12O6	[M + H]+	GHJPKQPNRSMNLZ	InChI=1S/C16H12O6/c1-22-13-7-11(17)10(6-12(13)18)16(21)14(19)8-4-2-3-5-9(8)15(16)20/h2-7,17-18,21H,1H3	2-(2,5-Dihydroxy-4-methoxyphenyl)-2-hydroxy-1,3-indandione	COC1=C(C=C(C(=C1)O)C2(C(=O)C3=CC=CC=C3C2=O)O)O	1.60000002	3055006	PubChem:(3055006);PubChem class - safety and toxic	67108866
225	1	N/A	-307.57526197873443	C16H12O6	[M + H]+	HJSGJFFIIPVFRJ	InChI=1S/C16H12O6/c1-20-15(18)11-7-10-12(16(19)21-2)13(17)8-5-3-4-6-9(8)14(10)22-11/h3-7,17H,1-2H3	null	COC(=O)C1=CC2=C(O1)C3=CC=CC=C3C(=C2C(=O)OC)O	3.79999995	14779686	COCONUT:(CNP0332464);Natural Products:(UNPD154186);PubChem:(14779686);SuperNatural:(SN00381628)	3178498
226	1	N/A	-307.67263246589295	C16H12O6	[M + H]+	WADODAMIIIIYNZ	InChI=1S/C16H12O6/c1-19-8-5-7-3-4-9-12-11(7)10(6-8)21-15(18)13(12)16(20-2)22-14(9)17/h3-6,15,18H,1-2H3	null	COC1=CC2=C3C(=C1)C=CC4=C3C(=C(OC4=O)OC)C(O2)O	1.89999998	9994946	COCONUT:(CNP0349312);Natural Products:(UNPD4208);PubChem:(9994946);SuperNatural:(SN00301862)	3178498
227	1	N/A	-308.96535272379646	C16H12O6	[M + H]+	XNGANKQSHJFXNK	InChI=1S/C16H12O6/c1-9-14(16(18)19-2)11-8-10(5-6-12(11)21-9)22-15(17)13-4-3-7-20-13/h3-8H,1-2H3	Oprea1_370628	CC1=C(C2=C(O1)C=CC(=C2)OC(=O)C3=CC=CO3)C(=O)OC	3.4000001	830057	COCONUT:(CNP0146924);PubChem:(830057);SuperNatural:(SN00045034);ZINC bio:(ZINC00352367)	3153922
228	1	N/A	-311.4185142364166	C16H12O6	[M + H]+	GHDZFSARRAFDOD	InChI=1S/C16H12O6/c1-7-10(18)6-12(20)14-15(21)13(22-16(7)14)5-8-2-3-9(17)11(19)4-8/h2-6,17-20H,1H3	4,6,3'',4''-Tetrahydroxy-7-methylaurone	CC1=C2C(=C(C=C1O)O)C(=O)C(=CC3=CC(=C(C=C3)O)O)O2	3.0999999	42607772	COCONUT:(CNP0290285);KNApSAcK:(14654);Natural Products:(UNPD230663 UNPD5587);PubChem:(42607772);KEGG Mine	8592064530
229	1	N/A	-312.95883294717925	C16H12O6	[M + H]+	HYSJQRYYQGEYMY	InChI=1S/C16H12O6/c1-22-16-14(20)12(18)11(13(19)15(16)21)10(17)8-7-9-5-3-2-4-6-9/h2-8,18,21H,1H3	Pedicinin	COC1=C(C(=O)C(=C(C1=O)O)C(=O)C=CC2=CC=CC=C2)O	2.5	346344;5385399	COCONUT:(CNP0267782);KNApSAcK:(7174);Natural Products:(UNPD35348);PubChem:(346344 5385399);SuperNatural:(SN00336463)	3178514
230	1	N/A	-316.06232189041816	C16H12O6	[M + H]+	BHEWGLSSFZGDOE	InChI=1S/C16H12O6/c17-10-3-1-7-9-5-19-15-8(13(9)22-14(7)12(10)18)2-4-11-16(15)21-6-20-11/h1-4,9,13,17-18H,5-6H2	null	C1C2C(C3=C(O1)C4=C(C=C3)OCO4)OC5=C2C=CC(=C5O)O	2.115242	""	COCONUT:(CNP0126749);Natural Products:(UNPD213283)	2129920
231	1	N/A	-323.1484920098665	C16H12O6	[M + H]+	NIGWURVKGDGBRS	InChI=1S/C16H12O6/c1-8-5-10(17)14-12(6-8)22-11-3-4-21-7-9(16(19)20-2)13(11)15(14)18/h3-7,17H,1-2H3	Isofusidienol A	CC1=CC(=C2C(=C1)OC3=C(C2=O)C(=COC=C3)C(=O)OC)O	2.29999995	24787528	COCONUT:(CNP0271051);Natural Products:(UNPD124676);PubChem:(24787528);SuperNatural:(SN00305185);additional	3702786
232	1	N/A	-325.49933062060666	C16H12O6	[M + H]+	CNQAMSYKSMCPKJ	InChI=1S/C16H12O6/c1-8-6-12-14(16(20)21-8)11(7-13(17)22-12)9-2-4-10(5-3-9)15(18)19/h2-6,11H,7H2,1H3,(H,18,19)	null	CC1=CC2=C(C(CC(=O)O2)C3=CC=C(C=C3)C(=O)O)C(=O)O1	1.60000002	99998348;99998350;102564514	PubChem:(99998348 99998350 102564514);COCONUT:(CNP0406359)	2097154
233	1	N/A	-326.44134712632996	C16H12O6	[M + H]+	WYXFLSFKQMNQKI	InChI=1S/C16H12O6/c1-22-11-7-6-10(12(17)13(11)18)16(21)14(19)8-4-2-3-5-9(8)15(16)20/h2-7,17-18,21H,1H3	2-(2,3-Dihydroxy-4-methoxyphenyl)-2-hydroxy-1,3-indandione	COC1=C(C(=C(C=C1)C2(C(=O)C3=CC=CC=C3C2=O)O)O)O	1.60000002	3055005	PubChem:(3055005);PubChem class - safety and toxic	67108866
234	1	N/A	-328.4502832941801	C16H12O6	[M + H]+	AFMVEENECPXHPP	InChI=1S/C16H12O6/c1-6(17)7-5-8(18)15-13-11-10(21-14(7)13)4-3-9(20-2)12(11)16(19)22-15/h3-5,16,18-19H,1-2H3	null	CC(=O)C1=CC(=C2C3=C1OC4=C3C(=C(C=C4)OC)C(O2)O)O	2.0	44226795;74957309	COCONUT:(CNP0395647);Natural Products:(UNPD64259);PubChem:(44226795 74957309);SuperNatural:(SN00347011);PubMed	3178562
235	1	N/A	-332.088261959531	C16H12O6	[M + H]+	GESAVORGYOGKOW	InChI=1S/C16H12O6/c1-7-4-9(17)14-12(22-7)5-8-13(16(14)21-3)11(20-2)6-10(18)15(8)19/h4-6H,1-3H3	null	CC1=CC(=O)C2=C(O1)C=C3C(=C2OC)C(=CC(=O)C3=O)OC	1.10000002	138756198	PubChem:(138756198);CHEBI:(144211)	34
236	1	N/A	-333.4735142161202	C16H12O6	[M + H]+	BQSRHXRJUCISMQ	InChI=1S/C16H12O6/c1-9-6-12(18)15(16(19)22-9)11(17)4-2-10-3-5-13-14(7-10)21-8-20-13/h2-7,18H,8H2,1H3	null	CC1=CC(=C(C(=O)O1)C(=O)C=CC2=CC3=C(C=C2)OCO3)O	2.9000001	135580394;135405989	COCONUT:(CNP0057902 CNP0320132);PubChem:(135580394 135405989);SuperNatural:(SN00067351)	3145730
237	1	N/A	-335.5753389121879	C16H12O6	[M + H]+	LDYUGSMSWWYPGX	InChI=1S/C16H12O6/c1-6(17)8-5-10(18)15-13-12-9(16(19)22-15)3-7(20-2)4-11(12)21-14(8)13/h3-5,16,18-19H,1-2H3	null	CC(=O)C1=CC(=C2C3=C1OC4=CC(=CC(=C43)C(O2)O)OC)O	2.0	122221786	PubChem:(122221786);COCONUT:(CNP0229464)	2097154
238	1	N/A	-336.9717231070679	C16H12O6	[M + H]+	BNSRFLSWNIACBZ	InChI=1S/C16H12O6/c17-15(9-1-3-11-13(5-9)21-7-19-11)16(18)10-2-4-12-14(6-10)22-8-20-12/h1-6,15,17H,7-8H2	Piperoin	C1OC2=C(O1)C=C(C=C2)C(C(=O)C3=CC4=C(C=C3)OCO4)O	2.29999995	97786;25022066;41097808	PubChem:(97786 25022066 41097808);PubChem class - safety and toxic	67108866
239	1	N/A	-347.068687306906	C16H12O6	[M + H]+	YQEQLRNLWUTTRS	InChI=1S/C16H12O6/c1-8-4-13-15(16(18)21-8)10(6-14(17)22-13)9-2-3-11-12(5-9)20-7-19-11/h2-5,10H,6-7H2,1H3	null	CC1=CC2=C(C(CC(=O)O2)C3=CC4=C(C=C3)OCO4)C(=O)O1	1.89999998	100005037;100005039;102565182	PubChem:(100005037 100005039 102565182);COCONUT:(CNP0407139)	2097154
240	1	N/A	-348.70224127589825	C16H12O6	[M + H]+	NADDLRWCPPNNBA	InChI=1S/C16H12O6/c17-5-6-21-10-2-4-14-12(8-10)15(18)11-7-9(16(19)20)1-3-13(11)22-14/h1-4,7-8,17H,5-6H2,(H,19,20)	7-(2-Hydroxyethoxy)-9-oxo-2-xanthencarbonsaeure	C1=CC2=C(C=C1C(=O)O)C(=O)C3=C(O2)C=CC(=C3)OCCO	1.98656845	193157	MeSH:(193157);PubChem:(193157);PubMed	70
241	1	N/A	-348.9290380083977	C16H12O6	[M + H]+	JZKMGBIDNPULDV	InChI=1S/C16H12O6/c17-7-1-2-9-12(5-7)22-15-8-3-4-11(18)13(19)10(8)6-21-16(15)14(9)20/h1-5,15-19H,6H2	null	C1C2=C(C=CC(=C2O)O)C3C(O1)C(=O)C4=C(O3)C=C(C=C4)O	1.39999998	101821106;101821107	COCONUT:(CNP0262212);KNApSAcK:(8602);Natural Products:(UNPD175452);PubChem:(101821106 101821107);SuperNatural:(SN00317970)	3178514
242	1	N/A	-353.40855203784986	C16H12O6	[M + H]+	JYCTWJFSRDBYJX	InChI=1S/C16H12O6/c17-12-6-10(14(18)21-12)9-5-11-13(16(20)22-15(11)19)8-4-2-1-3-7(8)9/h1-4,9-11,13H,5-6H2	4-(2,5-Dioxotetrahydrofuran-3-yl)-tetralin-1,2-dicarboxylic Anhydride	C1C(C2=CC=CC=C2C3C1C(=O)OC3=O)C4CC(=O)OC4=O	0.800000012	85657;90328923;91264666;98043431;98043432;98095049;98095050;124560205;124746077;124746078	PubChem class - safety and toxic;PubChem:(85657 90328923 91264666 98043431 98043432 98095049 98095050 124560205 124746077 124746078);PubMed	67108930
243	1	N/A	-358.87896061240605	C16H12O6	[M + H]+	FJGNEWVNLUZEIN	InChI=1S/C16H12O6/c17-9-1-2-11-15(5-9)22-7-10(18)3-8-4-13(19)14(20)6-12(8)16(11)21/h1-2,4-6,17,19-20H,3,7H2	null	C1C(=O)COC2=C(C=CC(=C2)O)C(=O)C3=CC(=C(C=C31)O)O	1.79999995	15703605	COCONUT:(CNP0145642);Natural Products:(UNPD185926);PubChem:(15703605);SuperNatural:(SN00279920)	3178498
244	1	N/A	-361.48564679728185	C16H12O6	[M + H]+	ZKTRTVSORJMRTK	InChI=1S/C16H12O6/c17-8-1-2-9-13(4-8)22-15-10-5-12(19)11(18)3-7(10)6-21-16(15)14(9)20/h1-5,15-19H,6H2	null	C1C2=CC(=C(C=C2C3C(O1)C(=O)C4=C(O3)C=C(C=C4)O)O)O	1.39999998	102428359	COCONUT:(CNP0157475);KNApSAcK:(8601);Natural Products:(UNPD132589 UNPD23207);PubChem:(102428359);SuperNatural:(SN00343385)	3178514
245	1	N/A	-364.06994052559884	C16H12O6	[M + H]+	KQUYPDZBNMJAFN	InChI=1S/C16H12O6/c1-8-4-11(17)16-15(21-8)10(6-14(18)22-16)9-2-3-12-13(5-9)20-7-19-12/h2-5,10H,6-7H2,1H3	null	CC1=CC(=O)C2=C(O1)C(CC(=O)O2)C3=CC4=C(C=C3)OCO4	1.70000005	132352194	PubChem:(132352194);COCONUT:(CNP0173661)	2097154
246	1	N/A	-368.06080537479227	C16H12O6	[M + H]+	JVHQCSIULHYFLP	InChI=1S/C16H12O6/c17-10-1-2-11(12(18)6-10)16(21)15-5-8-3-13(19)14(20)4-9(8)7-22-15/h1-6,17-20H,7H2	Peltochalcone	C1C2=CC(=C(C=C2C=C(O1)C(=O)C3=C(C=C(C=C3)O)O)O)O	2.5999999	42607655	COCONUT:(CNP0362918);KNApSAcK:(7179);Natural Products:(UNPD18439);PubChem:(42607655);SuperNatural:(SN00275307)	3178514
247	1	N/A	-373.04393617683934	C16H12O6	[M + H]+	UCNVIHSLCUJYAL	InChI=1S/C16H12O6/c17-7-1-2-8-11(3-7)19-5-10-9-4-12-16(21-6-20-12)13(18)15(9)22-14(8)10/h1-4,10,14,17-18H,5-6H2	null	C1C2C(C3=C(O1)C=C(C=C3)O)OC4=C(C5=C(C=C24)OCO5)O	2.0999999	45783185;129364806;129364807;129364808;129364809	COCONUT:(CNP0237093);PubChem:(45783185 129364806 129364807 129364808 129364809);SuperNatural:(SN00034307 SN00034306 SN00034305 SN00034304);ZINC bio:(ZINC35465621 ZINC35465623 ZINC35465625 ZINC35465626);KEGG Mine	8593088514
248	1	N/A	-374.01630525338896	C16H12O6	[M + H]+	SEBVTYCKKTZQMP	InChI=1S/C16H12O6/c1-8-6-10(17)13-11(7-8)22-16-12(14(13)18)9(15(19)20-2)4-3-5-21-16/h3-7,17H,1-2H3	null	CC1=CC(=C2C(=C1)OC3=C(C2=O)C(=CC=CO3)C(=O)OC)O	2.79999995	9882772	COCONUT:(CNP0232637);Natural Products:(UNPD181846);PubChem:(9882772);SuperNatural:(SN00381561)	3178498
249	1	N/A	-374.37143292375396	C16H12O6	[M + H]+	LDCYWAYHOOYPSR	InChI=1S/C16H12O6/c17-9-2-3-10(13(19)6-9)16(21)14-5-8-1-4-12(18)15(20)11(8)7-22-14/h1-6,17-20H,7H2	Mopachalcone	C1C2=C(C=CC(=C2O)O)C=C(O1)C(=O)C3=C(C=C(C=C3)O)O	2.5999999	42607656	COCONUT:(CNP0331151);KNApSAcK:(7180);Natural Products:(UNPD158125);PubChem:(42607656);SuperNatural:(SN00297963)	3178514
250	1	N/A	-375.1450985726409	C16H12O6	[M + H]+	RYYKSNUIYJQIBT	InChI=1S/C16H12O6/c1-9(16(18)19)4-6-21-15-13-11(5-7-20-13)8-10-2-3-12(17)22-14(10)15/h2-5,7-8H,6H2,1H3,(H,18,19)	(Z)-2-methyl-4-(7-oxofuro[3,2-g]chromen-9-yl)oxybut-2-enoic acid	CC(=CCOC1=C2C(=CC3=C1OC=C3)C=CC(=O)O2)C(=O)O	2.4745841	11277980;11415344	COCONUT:(CNP0359917);KNApSAcK:(43481);PubChem:(11277980 11415344);PubMed	2097234
251	1	N/A	-378.7881656305288	C16H12O6	[M + H]+	TUBBBGZPOYRFGO	InChI=1S/C16H12O6/c1-19-15(17)9-21-11-4-5-12-13(7-11)22-14(16(12)18)8-10-3-2-6-20-10/h2-8H,9H2,1H3	methyl 2-[[2-(furan-2-ylmethylidene)-3-oxo-1-benzofuran-6-yl]oxy]acetate	COC(=O)COC1=CC2=C(C=C1)C(=O)C(=CC3=CC=CO3)O2	2.5999999	943606;5423736;25273257	COCONUT:(CNP0051194);PubChem:(943606 5423736 25273257);SuperNatural:(SN00147468);PubMed;ZINC bio:(ZINC05156902)	3153986
252	1	N/A	-389.28491093053276	C16H12O6	[M + H]+	FIVNRIAUHSJYBC	InChI=1S/C16H12O6/c1-9-2-3-11(21-9)7-14-16(19)12-5-4-10(6-13(12)22-14)20-8-15(17)18/h2-7H,8H2,1H3,(H,17,18)	2-{2-[(5-methyl(2-furyl))methylene]-3-oxobenzo[3,4-b]furan-6-yloxy}acetic acid	CC1=CC=C(O1)C=C2C(=O)C3=C(O2)C=C(C=C3)OCC(=O)O	2.70000005	4965062;7094947;6532949	COCONUT:(CNP0039822 CNP0357979);PubChem:(4965062 7094947 6532949);SuperNatural:(SN00073274);ZINC bio:(ZINC04085384)	3153922
253	1	N/A	-410.6206724340964	C16H12O6	[M + H]+	OUWPRTKEQQGVLY	InChI=1S/C16H12O6/c17-8-1-2-16(18)14(3-8)19-6-10-9-4-12-13(21-7-20-12)5-11(9)22-15(10)16/h1-5,10,15,18H,6-7H2	null	C1C2C(C3(C=CC(=O)C=C3O1)O)OC4=CC5=C(C=C24)OCO5	0.600000024	10494425;91820462	PubChem:(10494425 91820462);PubMed;Biocyc:(CPD-17457 B-LIDO-HEX-1:5_6:A);PubChem class - bio and metabolites	16779330
254	1	N/A	-411.96672936856606	C16H12O6	[M + H]+	GLMPLZUBQDAZEN	InChI=1S/C16H12O6/c17-8-1-2-9-11(3-8)19-6-16(18)10-4-13-14(21-7-20-13)5-12(10)22-15(9)16/h1-5,15,17-18H,6-7H2	6a-Hydroxyinermin	C1C2(C(C3=C(O1)C=C(C=C3)O)OC4=CC5=C(C=C42)OCO5)O	1.39999998	182285;9543463;44257487;124351231	HMDB:(33720);SuperNatural:(SN00378554);Plantcyc:(CPD-3942);PubMed;COCONUT:(CNP0156675);KNApSAcK:(9677);Natural Products:(UNPD27311);PubChem:(182285 9543463 44257487 124351231);CHEBI:(43129);PubChem class - bio and metabolites;KEGG:(C16230);Biocyc:(CPD-3942)	20089210
255	1	N/A	-413.5177595758891	C16H12O6	[M + H]+	JYYPHLBBJUPKEP	InChI=1S/C16H12O6/c1-7-2-5-12(22-16(7)21)8-6-11(19)13-9(17)3-4-10(18)14(13)15(8)20/h2-4,6,12,19-20H,5H2,1H3	null	CC1=CCC(OC1=O)C2=CC(=C3C(=O)C=CC(=O)C3=C2O)O	1.72982037	""	SuperNatural:(SN00313887)	1048576
256	1	N/A	-420.9827237717948	C16H12O6	[M + H]+	QQDBQWUHQOGQCJ	InChI=1S/C16H12O6/c1-7-4-11(19)10(6-17)15-13(7)16(20)21-12-5-9(18)3-8(2)14(12)22-15/h3-6,18-19H,1-2H3	null	CC1=CC(=CC2=C1OC3=C(C(=CC(=C3C=O)O)C)C(=O)O2)O	3.0	46178006	COCONUT:(CNP0178111);Natural Products:(UNPD104446);PubChem:(46178006);SuperNatural:(SN00341655)	3178498
257	1	N/A	-426.4459124989029	C16H12O6	[M + H]+	XUWPJKDMEZSVTP	InChI=1S/C16H12O6/c1-6-11-13(16-9(21-6)5-10(18)22-16)14(19)7-3-2-4-8(17)12(7)15(11)20/h2-4,6,9,16-17H,5H2,1H3	Kalamycin	CC1C2=C(C3C(O1)CC(=O)O3)C(=O)C4=C(C2=O)C(=CC=C4)O	1.0	283138;443836;5289042;6323454;10040431;11822699;92245698;92245699;101446778	NORMAN:(NS00011763);COCONUT:(CNP0166346);KNApSAcK:(18752);Natural Products:(UNPD185401 UNPD167008);PubChem:(283138 443836 5289042 6323454 10040431 11822699 92245698 92245699 101446778);SuperNatural:(SN00379469 SN00278086);ZINC bio:(ZINC04983926);PubChem class - bio and metabolites;MeSH:(283138 443836 6323454);PubMed	20226134
258	1	N/A	-438.1285026359027	C16H12O6	[M + H]+	YKFJNDDDSPNQFN	InChI=1S/C16H12O6/c1-7-2-5-12(22-16(7)21)8-6-11(19)13-9(17)3-4-10(18)14(13)15(8)20/h2-4,6,12,17-18H,5H2,1H3	null	CC1=CCC(OC1=O)C2=CC(=O)C3=C(C=CC(=C3C2=O)O)O	1.6007762	""	COCONUT:(CNP0280976);Natural Products:(UNPD39682);SuperNatural:(SN00313887)	3178496
259	1	N/A	-461.81556369535286	C16H12O6	[M + H]+	SLLNICLXDLPKRQ	InChI=1S/C16H12O6/c1-19-8-5-7-3-4-9-12-11(7)10(6-8)21-16(18)14(20-2)13(12)22-15(9)17/h3-6,16,18H,1-2H3	null	COC1=CC2=C3C(=C1)C=CC4=C3C(=C(C(O2)O)OC)OC4=O	1.79999995	11044777	COCONUT:(CNP0196817);Natural Products:(UNPD7134);PubChem:(11044777);SuperNatural:(SN00337137);MeSH:(11044777);PubMed	3178566
260	1	N/A	-506.2310051303993	C16H12O6	[M + H]+	HNNSUZPWERIYIL	InChI=1S/C16H12O6/c17-10-2-1-8-13-9-4-12(19)11(18)3-7(9)5-16(13,21)6-22-15(8)14(10)20/h1-4,18-21H,5-6H2	null	C1C2=CC(=C(C=C2C3=C4C=CC(=O)C(=C4OCC31O)O)O)O	-0.100000001	135565445;135403802;135484653	NORMAN:(NS00042443);COCONUT:(CNP0117137 CNP0291349);Natural Products:(UNPD110723);PubChem:(135565445 135403802 135484653);SuperNatural:(SN00011306 SN00024310);CHEBI:(90116);additional;MeSH:(135403802);Training Set;PubMed	3981414