structureRankPerFormula	formulaRank	ConfidenceScore	CSI:FingerIDScore	molecularFormula	adduct	InChIkey2D	InChI	name	smiles	xlogp	pubchemids	links	dbflags
1	5	0.10503440045638421	-296.14548080208345	C10H14N4O4	[M + K]+	VNDAPXAHSWGLCJ	InChI=1S/C10H14N4O4/c1-3-4-5-8(13(15)16)6-9-7-11-10(12(9)2)14(17)18/h6-7H,3-5H2,1-2H3	5-23-05-00459 (Beilstein Handbook Reference)	CCCCC(=CC1=CN=C(N1C)[N+](=O)[O-])[N+](=O)[O-]	2.91519046	6437104;101710402	PubChem class - safety and toxic;PubChem:(6437104 101710402);PubMed	67108930
2	5	N/A	-304.80645303608236	C10H14N4O4	[M + K]+	HRFDVDAKRKYOIW	InChI=1S/C10H14N4O4/c15-9(16)2-1-6-5-14(13-12-6)7-3-8(10(17)18)11-4-7/h5,7-8,11H,1-4H2,(H,15,16)(H,17,18)	null	C1C(CNC1C(=O)O)N2C=C(N=N2)CCC(=O)O	-3.5	137348178	PubChem:(137348178);PubChem class - bio and metabolites	16777218
3	5	N/A	-309.77524034221636	C10H14N4O4	[M + K]+	GBLIGNUYGOFIKS	InChI=1S/C10H14N4O4/c15-7-3-13(4-8(16)11-7)1-2-14-5-9(17)12-10(18)6-14/h1-6H2,(H,11,15,16)(H,12,17,18)	Ethyliminum	C1C(=O)NC(=O)CN1CCN2CC(=O)NC(=O)C2	-1.79999995	72760;6997589	MeSH:(72760);PubChem class - safety and toxic;PubChem:(72760 6997589);PubMed	67108934
4	5	N/A	-332.8685277206345	C10H14N4O4	[M + K]+	QVCHURCDMVHMGW	InChI=1S/C10H14N4O4/c15-7-5-13(9(17)11-7)3-1-2-4-14-6-8(16)12-10(14)18/h1-6H2,(H,11,15,17)(H,12,16,18)	1,1''-(Butane-1,4-diyl)bisimidazolidine-2,4-dione	C1C(=O)NC(=O)N1CCCCN2CC(=O)NC2=O	-1.20000005	44151413	PubChem:(44151413);NORMAN:(NS00040112)	262146
5	5	N/A	-397.71693113957724	C10H14N4O4	[M + K]+	KSCFJBIXMNOVSH	InChI=1S/C10H14N4O4/c1-12-8-7(9(17)13(2)10(12)18)14(5-11-8)3-6(16)4-15/h5-6,15-16H,3-4H2,1-2H3	Iphyllin	CN1C2=C(C(=O)N(C1=O)C)N(C=N2)CC(CO)O	-1.10809517	3182;688352;688353	HMDB:(14789);SuperNatural:(SN00000467 SN00000468);ZINC bio:(ZINC00057146 ZINC00057147);additional;HSDB:(479-18-5);MeSH:(3182);PubMed;NORMAN:(NS00005860);COCONUT:(CNP0334439);KNApSAcK:(30143);PubChem:(3182 688352 688353);CHEBI:(4728 59846 59847);PubChem class - bio and metabolites;KEGG:(C07819);PubChem class - safety and toxic;Training Set;PubChem class - drug	121398142
6	5	N/A	-404.4125105755287	C10H14N4O4	[M + K]+	RRBSZTYIWIHPST	InChI=1S/C10H14N4O4/c1-12-5-11-8-7(12)9(17)14(3-6(16)4-15)10(18)13(8)2/h5-6,15-16H,3-4H2,1-2H3	Isobromin	CN1C=NC2=C1C(=O)N(C(=O)N2C)CC(CO)O	-1.10809517	101172;667428;840392	NORMAN:(NS00004872);PubChem class - safety and toxic;PubChem:(101172 667428 840392);PubMed;additional	67895362
7	5	N/A	-444.7748005608294	C10H14N4O4	[M + K]+	SNNMBEAKYQMGOB	InChI=1S/C10H14N4O4/c1-6-11-8-7(14(6)18-5-4-15)9(16)13(3)10(17)12(8)2/h15H,4-5H2,1-3H3	7-(2-Hydroxyethoxy)-1,3,8-trimethylxanthine	CC1=NC2=C(N1OCCO)C(=O)N(C(=O)N2C)C	-0.300000012	209358	PubChem:(209358);PubChem class - safety and toxic	67108866
8	5	N/A	-446.8447192596509	C10H14N4O4	[M + K]+	OLEPHOCAJGNFAB	InChI=1S/C10H14N4O4/c1-16-10(15)6-2-14(13-12-6)7-4-18-8-5(11)3-17-9(7)8/h2,5,7-9H,3-4,11H2,1H3	methyl 1-[(3S,3aR,6S,6aR)-3-amino-2,3,3a,5,6,6a-hexahydrofuro[3,2-b]furan-6-yl]triazole-4-carboxylate	COC(=O)C1=CN(N=N1)C2COC3C2OCC3N	-1.60000002	11886701;11886702	COCONUT:(CNP0045996);PubChem:(11886701 11886702);SuperNatural:(SN00010550);ZINC bio:(ZINC04260921)	3153922
9	5	N/A	-468.2179380810737	C10H14N4O4	[M + K]+	FQDAAPOUQOEUCR	InChI=1S/C10H14N4O4/c1-6(15)4-18-14-5-11-8-7(14)9(16)13(3)10(17)12(8)2/h5-6,15H,4H2,1-3H3	7-(2-Hydroxypropoxy)theophylline	CC(CON1C=NC2=C1C(=O)N(C(=O)N2C)C)O	-0.307713121	209313	PubChem:(209313);PubChem class - safety and toxic	67108866
10	5	N/A	-472.7120705703939	C10H14N4O4	[M + K]+	BJXZWHLUHLDGNK	InChI=1S/C10H14N4O4/c1-13-2-5-7(4-13)14(3-6(11)9(16)17)10(18)12-8(5)15/h6H,2-4,11H2,1H3,(H,16,17)(H,12,15,18)	null	CN1CC2=C(C1)N(C(=O)NC2=O)CC(C(=O)O)N	-5.0	132281930	PubChem:(132281930);PubChem class - bio and metabolites	16777218
11	5	N/A	-481.84276286179477	C10H14N4O4	[M + K]+	GXYAVJWXGKXPGC	InChI=1S/C10H14N4O4/c11-3-1-7-5-9(13(15)16)8(2-4-12)10(6-7)14(17)18/h5-6H,1-4,11-12H2	2-[4-(2-aminoethyl)-3,5-dinitrophenyl]ethanamine	C1=C(C=C(C(=C1[N+](=O)[O-])CCN)[N+](=O)[O-])CCN	0.200000003	2750280;7053654	COCONUT:(CNP0063428);PubChem:(2750280 7053654);SuperNatural:(SN00124084);ZINC bio:(ZINC03845574)	3153922
12	5	N/A	-505.38352791372813	C10H14N4O4	[M + K]+	PIBBRKLIDJCOTC	InChI=1S/C10H14N4O4/c1-13(2)6-5-7-8(14(15)16)9(17-3)12-10(11-7)18-4/h5-6H,1-4H3	2-(2,6-dimethoxy-5-nitropyrimidin-4-yl)-N,N-dimethylethenamine	CN(C)C=CC1=C(C(=NC(=N1)OC)OC)[N+](=O)[O-]	1.20000005	54969;1712125;1712126;840521;5565682	PubChem class - safety and toxic;PubChem:(54969 1712125 1712126 840521 5565682);PubMed	67108930