structureRankPerFormula	formulaRank	ConfidenceScore	CSI:FingerIDScore	molecularFormula	adduct	InChIkey2D	InChI	name	smiles	xlogp	pubchemids	links	dbflags
1	1	0.318565170729617	-168.68766117239107	C12H21NO6	[M + H]+	DXGNZLOZZSDKIQ	InChI=1S/C12H21NO6/c1-4-7(3)10(11(16)17)13-9(15)6-8(14)12(18)19-5-2/h7-8,10,14H,4-6H2,1-3H3,(H,13,15)(H,16,17)	(2S,3S)-2-[[(3S)-4-ethoxy-3-hydroxy-4-oxobutanoyl]amino]-3-methylpentanoic acid	CCC(C)C(C(=O)O)NC(=O)CC(C(=O)OCC)O	0.400000006	5494392	PubChem:(5494392);PubChem class - bio and metabolites	16777218
2	1	N/A	-218.3528855959806	C12H21NO6	[M + H]+	KVSOXYASLKXWAA	InChI=1S/C12H21NO6/c1-4-17-9(14)7-8(11(15)18-5-2)10(13)12(16)19-6-3/h8,10H,4-7,13H2,1-3H3	null	CCOC(=O)CC(C(C(=O)OCC)N)C(=O)OCC	0.0	91622375	COCONUT:(CNP0148404);Natural Products:(UNPD21612);PubChem:(91622375);SuperNatural:(SN00385352)	3178498
3	1	N/A	-226.40275284952588	C12H21NO6	[M + H]+	ULRLHEXGRUWQLQ	InChI=1S/C12H21NO6/c1-6-17-9(14)8(10(15)18-7-2)13-11(16)19-12(3,4)5/h8H,6-7H2,1-5H3,(H,13,16)	Diethyl (Boc-amino)malonate	CCOC(=O)C(C(=O)OCC)NC(=O)OC(C)(C)C	1.70000005	382219	PubChem:(382219);PubChem class - safety and toxic	67108866
4	1	N/A	-260.4686474766973	C12H21NO6	[M + H]+	QPFFIZIYWKGGJS	InChI=1S/C12H21NO6/c1-12(2,3)19-11(16)8-13(6-9(14)17-4)7-10(15)18-5/h6-8H2,1-5H3	null	CC(C)(C)OC(=O)CN(CC(=O)OC)CC(=O)OC	1.0	62954172	PubChem:(62954172);PubChem class - safety and toxic	67108866
5	1	N/A	-271.5989110729357	C12H21NO6	[M + H]+	KOTNVPLZPIYDDC	InChI=1S/C12H21NO6/c1-7(18-8(2)14)9(10(15)16)13(6)11(17)19-12(3,4)5/h7,9H,1-6H3,(H,15,16)	null	CC(C(C(=O)O)N(C)C(=O)OC(C)(C)C)OC(=O)C	1.03702807	""	COCONUT:(CNP0028925)	2097152
6	1	N/A	-309.34026433015646	C12H21NO6	[M + H]+	DJYQGDNOPVHONN	InChI=1S/C12H21NO6/c1-10(14)17-7-4-13(5-8-18-11(2)15)6-9-19-12(3)16/h4-9H2,1-3H3	Triethanolamine triacetate	CC(=O)OCCN(CCOC(=O)C)CCOC(=O)C	-0.100000001	76352	PubChem:(76352);NORMAN:(NS00048136)	262146
7	1	N/A	-317.8811213473265	C12H21NO6	[M + H]+	NXJAXUYOQLTISD	InChI=1S/C12H21NO6/c1-13(2,3)8-9(7-11(16)17)19-12(18)6-4-5-10(14)15/h9H,4-8H2,1-3H3,(H-,14,15,16,17)/p+1	Glutarylcarnitine	C[N+](C)(C)CC(CC(=O)O)OC(=O)CCCC(=O)O	-0.5	19838749;53252330;53481622;53481623;71317118;71464488;131801584;134821688;139025473;139025475	COCONUT:(CNP0111226);PubChem:(19838749 53252330 53481622 53481623 71317118 71464488 131801584 134821688 139025473 139025475);CHEBI:(82952 73040);additional;PubChem class - bio and metabolites;MeSH:(53481622 71317118 71464488 134821688);Training Set;PubMed	19415142
8	1	N/A	-323.81430755883184	C12H21NO6	[M + H]+	FWLAEOLZJUJUDW	InChI=1S/C12H21NO6/c1-11(2,3)13-9(16)6-4-12(19,10(17)18)5-7(14)8(6)15/h6-8,14-15,19H,4-5H2,1-3H3,(H,13,16)(H,17,18)	null	CC(C)(C)NC(=O)C1CC(CC(C1O)O)(C(=O)O)O	-0.899999976	51351828;72200237	PubChem:(51351828 72200237);PubMed;PubChem class - bio and metabolites	16777282
9	1	N/A	-326.3956558750417	C12H21NO6	[M + H]+	ILNLROJJKXCUDR	InChI=1S/C12H21NO6/c1-6(2)5-18-12-10(13-7(3)14)8(15)4-9(19-12)11(16)17/h6,8-10,12,15H,4-5H2,1-3H3,(H,13,14)(H,16,17)	(4S,5R,6R)-5-acetamido-4-hydroxy-6-(2-methylpropoxy)oxane-2-carboxylic acid	CC(C)COC1C(C(CC(O1)C(=O)O)O)NC(=O)C	-0.100000001	11963505	PubChem:(11963505);PubChem class - bio and metabolites	16777218