id	molecularFormula	adduct	precursorFormula	NPC#pathway	NPC#pathway Probability	NPC#superclass	NPC#superclass Probability	NPC#class	NPC#class Probability	ClassyFire#most specific class	ClassyFire#most specific class Probability	ClassyFire#level 5	ClassyFire#level 5 Probability	ClassyFire#subclass	ClassyFire#subclass Probability	ClassyFire#class	ClassyFire#class Probability	ClassyFire#superclass	ClassyFire#superclass probability	ClassyFire#all classifications	featureId
1_example_spectra_mini_FEATURE_1	C12H23NO7	[M + H]+	C12H23NO7	Amino acids and Peptides	0.4673301577568054	Small peptides	0.5122427940368652	Dipeptides	0.40188923478126526	L-alpha-amino acids	0.5988072156906128	Amino acids and derivatives	0.9984398484230042	Amino acids, peptides, and analogues	0.9984332919120789	Carboxylic acids and derivatives	0.9973387122154236	Organic acids and derivatives	0.9982878565788269	Organic compounds; Organoheterocyclic compounds; Carbohydrates and carbohydrate conjugates; Lipids and lipid-like molecules; Amino acids, peptides, and analogues; Alpha amino acids and derivatives; Alcohols and polyols; Ethers; Fatty acids and conjugates; Organic acids and derivatives; Carboxylic acids and derivatives; Organonitrogen compounds; Primary alcohols; Organooxygen compounds; Branched fatty acids; Hydroxy fatty acids; Amino acids and derivatives; Hemiacetals; Monocarboxylic acids and derivatives; Carboxylic acids; Pentoses; Monosaccharides; Secondary alcohols; Carbonyl compounds; Oxolanes; Heterocyclic fatty acids; C-glycosyl compounds; Dialkylamines; Polyols; Alpha amino acids; Amines; Secondary amines; Fatty Acyls; Organic oxides; Oxacyclic compounds; L-alpha-amino acids; Hydrocarbon derivatives; Amino acids; Organopnictogen compounds; Organic oxygen compounds; Organic nitrogen compounds; Chemical entities	N/A
3_example_spectra_mini_FEATURE_3	C11H21NO7	[M + H]+	C11H21NO7	Amino acids and Peptides	0.9201391935348511	Small peptides	0.6681491732597351	Aminoacids	0.15412868559360504	L-alpha-amino acids	0.6178612112998962	Amino acids and derivatives	0.9981978535652161	Amino acids, peptides, and analogues	0.9982126951217651	Carboxylic acids and derivatives	0.9866966605186462	Organic acids and derivatives	0.9824236631393433	Organic compounds; Organoheterocyclic compounds; Carbohydrates and carbohydrate conjugates; Lipids and lipid-like molecules; Amino acids, peptides, and analogues; Alpha amino acids and derivatives; Alcohols and polyols; Ethers; Fatty acids and conjugates; Organic acids and derivatives; Carboxylic acids and derivatives; Organonitrogen compounds; Primary alcohols; Organooxygen compounds; Branched fatty acids; Hydroxy fatty acids; Amino acids and derivatives; Hemiacetals; Monocarboxylic acids and derivatives; Carboxylic acids; Pentoses; Monosaccharides; Secondary alcohols; Carbonyl compounds; Oxolanes; Heterocyclic fatty acids; C-glycosyl compounds; Dialkylamines; Polyols; Alpha amino acids; Amines; Secondary amines; Fatty Acyls; Organic oxides; Oxacyclic compounds; L-alpha-amino acids; Hydrocarbon derivatives; Amino acids; Valine and derivatives; Organopnictogen compounds; Organic oxygen compounds; Organic nitrogen compounds; Chemical entities	N/A
4_example_spectra_mini_FEATURE_4	C26H50NO7P	[M + H]+	C26H50NO7P	Fatty acids	0.9983737468719482	Glycerophospholipids	0.9999622106552124	Glycerophosphocholines	0.9976256489753723	1-acyl-sn-glycero-3-phosphocholines	0.9176956415176392	Lysophosphatidylcholines	0.9794507622718811	Glycerophosphocholines	0.997635006904602	Glycerophospholipids	0.9981626868247986	Lipids and lipid-like molecules	0.9988343119621277	Organic compounds; Lipids and lipid-like molecules; Alcohols and polyols; Glycerophospholipids; Organic acids and derivatives; Carboxylic acids and derivatives; Organonitrogen compounds; Primary alcohols; Organooxygen compounds; Fatty acid esters; Organic phosphoric acids and derivatives; Phosphate esters; Quaternary ammonium salts; Cholines; Carboxylic acid derivatives; Monocarboxylic acids and derivatives; Carboxylic acid esters; Phosphocholines; Lysophosphatidylcholines; 1-acyl-sn-glycero-3-phosphocholines; Secondary alcohols; Carbonyl compounds; Glycerophosphocholines; Amines; Alkyl phosphates; Dialkyl phosphates; Organic cations; Organic salts; Fatty Acyls; Organic oxides; Hydrocarbon derivatives; Tetraalkylammonium salts; Organopnictogen compounds; Organic oxygen compounds; Organic nitrogen compounds; Chemical entities	N/A
5_example_spectra_mini_FEATURE_5	C16H12O6	[M + H]+	C16H12O6	Shikimates and Phenylpropanoids	0.9994925260543823	Flavonoids	0.9859310388565063	Flavones	0.5331891775131226	O-methylated flavonoids	0.922993004322052			O-methylated flavonoids	0.922993004322052	Flavonoids	0.9400082230567932	Phenylpropanoids and polyketides	0.9994237422943115	Organic compounds; Organoheterocyclic compounds; Pyrans; Benzopyrans; Alkyl aryl ethers; Phenols; Anisoles; Chromones; Ethers; Phenylpropanoids and polyketides; Organic acids and derivatives; Organooxygen compounds; Flavonoids; Pyranones and derivatives; Flavones; Benzene and substituted derivatives; Phenol ethers; Benzenoids; O-methylated flavonoids; 4'-hydroxyflavonoids; Hydroxyflavonoids; 5-hydroxyflavonoids; 7-hydroxyflavonoids; 1-benzopyrans; Vinylogous acids; Organic oxides; Oxacyclic compounds; Heteroaromatic compounds; Hydrocarbon derivatives; Organic oxygen compounds; 1-hydroxy-2-unsubstituted benzenoids; 1-hydroxy-4-unsubstituted benzenoids; Chemical entities	N/A
6_example_spectra_mini_FEATURE_6	C10H19NO7	[M + H]+	C10H19NO7	Amino acids and Peptides	0.7058796882629395	Aminosugars and aminoglycosides	0.30884185433387756	Aminosugars	0.6301601529121399	Alpha amino acids	0.7954193949699402	Amino acids and derivatives	0.30630066990852356	Amino acids, peptides, and analogues	0.3192434310913086	Carboxylic acids and derivatives	0.2714877128601074	Organic acids and derivatives	0.1295824646949768	Organic compounds; Organoheterocyclic compounds; Carbohydrates and carbohydrate conjugates; Alcohols and polyols; Ethers; Fatty acids and conjugates; Organonitrogen compounds; Primary alcohols; Organooxygen compounds; Hydroxy fatty acids; Nitriles; Hexoses; Monosaccharides; Acetals; Secondary alcohols; Oxolanes; Oxanes; Glycosyl compounds; C-glycosyl compounds; O-glycosyl compounds; Dialkylamines; Polyols; Alpha amino acids; Amines; Secondary amines; Fatty Acyls; Oxacyclic compounds; Hydrocarbon derivatives; Organic cyanides; Organopnictogen compounds; Organic oxygen compounds; Organic nitrogen compounds; Chemical entities	N/A
7_example_spectra_mini_FEATURE_7	C15H21NO7	[M + H]+	C15H21NO7	Amino acids and Peptides	0.3729684054851532	Small peptides	0.34610649943351746	Dipeptides	0.3291959762573242	Phenylalanine and derivatives	0.9996064305305481	Amino acids and derivatives	0.9999973773956299	Amino acids, peptides, and analogues	0.9999973773956299	Carboxylic acids and derivatives	0.9998981952667236	Organic acids and derivatives	0.9998482465744019	Organic compounds; Organoheterocyclic compounds; Carbohydrates and carbohydrate conjugates; Amino acids, peptides, and analogues; Alpha amino acids and derivatives; Alcohols and polyols; Phenethylamines; Amphetamines and derivatives; Ethers; Phenylpropanoids and polyketides; Organic acids and derivatives; Carboxylic acids and derivatives; Organonitrogen compounds; Primary alcohols; Organooxygen compounds; Amino acids and derivatives; Hemiacetals; Carboxylic acid derivatives; Monocarboxylic acids and derivatives; Carboxylic acids; Pentoses; Monosaccharides; Secondary alcohols; Carbonyl compounds; Oxolanes; C-glycosyl compounds; Dialkylamines; Benzene and substituted derivatives; Polyols; Alpha amino acids; Benzenoids; Amines; Secondary amines; Phenylpropanoic acids; Aralkylamines; Organic oxides; Oxacyclic compounds; Hydrocarbon derivatives; Amino acids; Phenylalanine and derivatives; Organopnictogen compounds; Organic oxygen compounds; Organic nitrogen compounds; Chemical entities	N/A
8_example_spectra_mini_FEATURE_8	C17H14O6	[M + H]+	C17H14O6	Shikimates and Phenylpropanoids	0.9999490976333618	Flavonoids	0.9979331493377686	Flavones	0.8773252964019775	6-O-methylated flavonoids	0.7204248309135437	6-O-methylated flavonoids	0.7204248309135437	O-methylated flavonoids	0.9944057464599609	Flavonoids	0.9915647506713867	Phenylpropanoids and polyketides	0.9998425245285034	Organic compounds; Organoheterocyclic compounds; Pyrans; Benzopyrans; Alkyl aryl ethers; Phenols; Anisoles; Chromones; Ethers; Phenylpropanoids and polyketides; Organic acids and derivatives; Organooxygen compounds; Flavonoids; Pyranones and derivatives; Flavones; Benzene and substituted derivatives; Phenol ethers; Benzenoids; O-methylated flavonoids; 6-O-methylated flavonoids; 4'-O-methylated flavonoids; Hydroxyflavonoids; 5-hydroxyflavonoids; 7-hydroxyflavonoids; 1-benzopyrans; Vinylogous acids; Organic oxides; Methoxybenzenes; Oxacyclic compounds; Heteroaromatic compounds; Hydrocarbon derivatives; Organic oxygen compounds; 1-hydroxy-2-unsubstituted benzenoids; 1-hydroxy-4-unsubstituted benzenoids; Phenoxy compounds; Chemical entities	N/A
9_example_spectra_mini_FEATURE_9	C12H21NO6	[M + H]+	C12H21NO6	Amino acids and Peptides	0.8477516770362854	Small peptides	0.8806388974189758	Dipeptides	0.9732935428619385	N-acyl-L-alpha-amino acids	0.5594462752342224	Amino acids and derivatives	0.9937408566474915	Amino acids, peptides, and analogues	0.9938666224479675	Carboxylic acids and derivatives	0.9979690909385681	Organic acids and derivatives	0.9995402097702026	Organic compounds; Organoheterocyclic compounds; Lipids and lipid-like molecules; Amino acids, peptides, and analogues; Alpha amino acids and derivatives; Alcohols and polyols; Ethers; Fatty acids and conjugates; Organic acids and derivatives; Carboxylic acids and derivatives; Organonitrogen compounds; Primary alcohols; Organooxygen compounds; Branched fatty acids; Hydroxy fatty acids; Amino acids and derivatives; Carboxylic acid amides; Carboxylic acid derivatives; Monocarboxylic acids and derivatives; N-acyl-alpha amino acids and derivatives; Carboxylic acids; Pentoses; Secondary alcohols; Secondary carboxylic acid amides; Carbonyl compounds; Oxolanes; Dialkylamines; Polyols; N-acyl-alpha amino acids; Alpha amino acids; Amines; Secondary amines; Methyl-branched fatty acids; Fatty Acyls; Organic oxides; Oxacyclic compounds; L-alpha-amino acids; N-acyl-L-alpha-amino acids; Hydrocarbon derivatives; Amino acids; Organopnictogen compounds; Organic oxygen compounds; Organic nitrogen compounds; Chemical entities	N/A
10_example_spectra_mini_FEATURE_10	C12H23NO7	[M + H]+	C12H23NO7	Amino acids and Peptides	0.44582536816596985	Small peptides	0.4429878890514374	Dipeptides	0.21852248907089233	L-alpha-amino acids	0.6116943955421448	Amino acids and derivatives	0.9997233748435974	Amino acids, peptides, and analogues	0.9997245669364929	Carboxylic acids and derivatives	0.9977982044219971	Organic acids and derivatives	0.9979220032691956	Organic compounds; Organoheterocyclic compounds; Carbohydrates and carbohydrate conjugates; Lipids and lipid-like molecules; Amino acids, peptides, and analogues; Alpha amino acids and derivatives; Alcohols and polyols; Ethers; Fatty acids and conjugates; Organic acids and derivatives; Carboxylic acids and derivatives; Organonitrogen compounds; Primary alcohols; Organooxygen compounds; Hydroxy fatty acids; Amino acids and derivatives; Hemiacetals; Monocarboxylic acids and derivatives; Carboxylic acids; Pentoses; Monosaccharides; Secondary alcohols; Carbonyl compounds; Oxolanes; C-glycosyl compounds; Dialkylamines; Polyols; Alpha amino acids; Amines; Secondary amines; Fatty Acyls; Organic oxides; Oxacyclic compounds; L-alpha-amino acids; Hydrocarbon derivatives; Amino acids; Organopnictogen compounds; Organic oxygen compounds; Organic nitrogen compounds; Chemical entities	N/A
11_example_spectra_mini_FEATURE_11	C21H20O11	[M + H]+	C21H20O11	Shikimates and Phenylpropanoids	0.999923825263977	Flavonoids	0.9996114373207092	Flavonols	0.9440551400184631	Flavonoid O-glycosides	0.9975448250770569	Flavonoid O-glycosides	0.9975448250770569	Flavonoid glycosides	0.9971029162406921	Flavonoids	0.998776376247406	Phenylpropanoids and polyketides	0.9982619881629944	Organic compounds; Organoheterocyclic compounds; Carbohydrates and carbohydrate conjugates; Pyrans; Benzopyrans; Alcohols and polyols; Phenols; Chromones; Ethers; Phenylpropanoids and polyketides; Organic acids and derivatives; Primary alcohols; Organooxygen compounds; Flavonoids; Pyranones and derivatives; Flavonoid glycosides; Hexoses; Monosaccharides; Flavonoid O-glycosides; Flavones; Acetals; Secondary alcohols; Oxanes; Glycosyl compounds; O-glycosyl compounds; Benzene and substituted derivatives; Polyols; Benzenoids; 4'-hydroxyflavonoids; Hydroxyflavonoids; 5-hydroxyflavonoids; 7-hydroxyflavonoids; 1-benzopyrans; Vinylogous acids; Organic oxides; Oxacyclic compounds; Heteroaromatic compounds; Hydrocarbon derivatives; Organic oxygen compounds; 1-hydroxy-2-unsubstituted benzenoids; 1-hydroxy-4-unsubstituted benzenoids; Chemical entities	N/A
12_example_spectra_mini_FEATURE_12	C8H19NO3S	[M + H]+	C8H19NO3S	Amino acids and Peptides	0.9966985583305359	Small peptides	0.9983539581298828	Dipeptides	0.3949831426143646	N-acyl-alpha amino acids and derivatives	0.673329770565033	Amino acids and derivatives	0.9892038702964783	Amino acids, peptides, and analogues	0.9910320043563843	Carboxylic acids and derivatives	0.9982203841209412	Organic acids and derivatives	0.9999892711639404	Organic compounds; Organosulfur compounds; Lipids and lipid-like molecules; Amino acids, peptides, and analogues; Alpha amino acids and derivatives; Fatty acids and conjugates; Organic acids and derivatives; Carboxylic acids and derivatives; Organonitrogen compounds; Organooxygen compounds; Branched fatty acids; Amino acids and derivatives; Monoalkylamines; Monocarboxylic acids and derivatives; N-acyl-alpha amino acids and derivatives; Carboxylic acids; Thia fatty acids; Secondary carboxylic acid amides; Carbonyl compounds; Alpha amino acids; Amines; Primary amines; Methyl-branched fatty acids; Fatty Acyls; Organic oxides; Hydrocarbon derivatives; Amino acids; Leucine and derivatives; Organopnictogen compounds; Organic oxygen compounds; Organic nitrogen compounds; Chemical entities	N/A
14_example_spectra_mini_FEATURE_14	C26H48NO7P	[M + H]+	C26H48NO7P	Fatty acids	0.9949560761451721	Glycerophospholipids	0.9999208450317383	Glycerophosphocholines	0.9927002787590027	Lysophosphatidylcholines	0.8286886215209961	Lysophosphatidylcholines	0.8286886215209961	Glycerophosphocholines	0.9885103106498718	Glycerophospholipids	0.9973044395446777	Lipids and lipid-like molecules	0.9996799230575562	Organic compounds; Lipids and lipid-like molecules; Alcohols and polyols; Glycerophospholipids; Organic acids and derivatives; Carboxylic acids and derivatives; Organonitrogen compounds; Organooxygen compounds; Fatty acid esters; Organic phosphoric acids and derivatives; Phosphate esters; Quaternary ammonium salts; Cholines; Carboxylic acid derivatives; Monocarboxylic acids and derivatives; Carboxylic acid esters; Phosphocholines; Lysophosphatidylcholines; Secondary alcohols; Carbonyl compounds; Glycerophosphocholines; Amines; Alkyl phosphates; Dialkyl phosphates; Organic cations; Organic salts; Fatty Acyls; Organic oxides; Hydrocarbon derivatives; Tetraalkylammonium salts; Organopnictogen compounds; Organic oxygen compounds; Organic nitrogen compounds; Chemical entities	N/A
15_example_spectra_mini_FEATURE_15	C6H19N3O4PS2	[M + H]+	C6H19N3O4PS2	Alkaloids	0.18350227177143097	Small peptides	0.11439815163612366	Aminoacids	0.18772773444652557	Sulfones	0.8004132509231567			Sulfones	0.8004132509231567	Sulfonyls	0.9261844158172607	Organosulfur compounds	0.9999086856842041	Organic compounds; Organoheterocyclic compounds; Organosulfur compounds; Organic acids and derivatives; Organonitrogen compounds; Organophosphorus compounds; Sulfones; Sulfonyls; Organothiophosphorus compounds; Sulfenyl compounds; Organic oxides; Azacyclic compounds; Hydrocarbon derivatives; Organopnictogen compounds; Organic oxygen compounds; Organic nitrogen compounds; Chemical entities	N/A
16_example_spectra_mini_FEATURE_16	C9H17NO7	[M + H]+	C9H17NO7	Carbohydrates	0.979229748249054	Aminosugars and aminoglycosides	0.9498790502548218	Aminosugars	0.9668974876403809	Monosaccharides	0.9846136569976807	Monosaccharides	0.9846136569976807	Carbohydrates and carbohydrate conjugates	0.9906601309776306	Organooxygen compounds	1.0	Organic oxygen compounds	1.0	Organic compounds; Organoheterocyclic compounds; Carbohydrates and carbohydrate conjugates; Alcohols and polyols; Ethers; Organic acids and derivatives; Carboxylic acids and derivatives; Organonitrogen compounds; Primary alcohols; Organooxygen compounds; Carboxylic acid amides; Hemiacetals; Carboxylic acid derivatives; Monosaccharides; Secondary alcohols; Secondary carboxylic acid amides; Carbonyl compounds; Polyols; Organic oxides; Oxacyclic compounds; Hydrocarbon derivatives; Organopnictogen compounds; Organic oxygen compounds; Organic nitrogen compounds; Chemical entities	N/A
17_example_spectra_mini_FEATURE_17	C24H50NO7P	[M + H]+	C24H50NO7P	Fatty acids	0.9978821873664856	Glycerophospholipids	0.9998852014541626	Glycerophosphocholines	0.9975091218948364	1-acyl-sn-glycero-3-phosphocholines	0.9310541749000549	Lysophosphatidylcholines	0.9134868383407593	Glycerophosphocholines	0.9985236525535583	Glycerophospholipids	0.9997041821479797	Lipids and lipid-like molecules	0.9989203214645386	Organic compounds; Lipids and lipid-like molecules; Alcohols and polyols; Glycerophospholipids; Organic acids and derivatives; Carboxylic acids and derivatives; Organonitrogen compounds; Organooxygen compounds; Fatty acid esters; Organic phosphoric acids and derivatives; Phosphate esters; Quaternary ammonium salts; Cholines; Carboxylic acid derivatives; Monocarboxylic acids and derivatives; Carboxylic acid esters; Phosphocholines; Lysophosphatidylcholines; 1-acyl-sn-glycero-3-phosphocholines; Secondary alcohols; Carbonyl compounds; Glycerophosphocholines; Amines; Alkyl phosphates; Dialkyl phosphates; Organic cations; Organic salts; Fatty Acyls; Organic oxides; Hydrocarbon derivatives; Tetraalkylammonium salts; Organopnictogen compounds; Organic oxygen compounds; Organic nitrogen compounds; Chemical entities	N/A
