formulaRank	molecularFormula	adduct	precursorFormula	NPC#pathway	NPC#pathway Probability	NPC#superclass	NPC#superclass Probability	NPC#class	NPC#class Probability	ClassyFire#superclass	ClassyFire#superclass probability	ClassyFire#class	ClassyFire#class Probability	ClassyFire#subclass	ClassyFire#subclass Probability	ClassyFire#level 5	ClassyFire#level 5 Probability	ClassyFire#most specific class	ClassyFire#most specific class Probability	ClassyFire#all classifications	ionMass	retentionTimeInSeconds	retentionTimeInMinutes	formulaId	alignedFeatureId	mappingFeatureId	overallFeatureQuality
1	C5H4FN2O3	[M + H]+	C5H5FN2O3+	Carbohydrates	0.294	Nucleosides	0.538	Pyrimidine nucleosides	0.351	Organoheterocyclic compounds	0.982	Diazines	0.948	Pyrimidines and pyrimidine derivatives	0.947	Halopyrimidines	0.528	Halopyrimidines	0.528	Organic compounds; Organoheterocyclic compounds; Pyrimidines and pyrimidine derivatives; Lactams; Organic acids and derivatives; Carboxylic acids and derivatives; Organohalogen compounds; Organonitrogen compounds; Pyrimidones; Organooxygen compounds; Organic carbonic acids and derivatives; Ureas; Monocarboxylic acids and derivatives; Carboxylic acids; Diazines; Organofluorides; Halopyrimidines; Hydropyrimidines; Vinylogous amides; Organic oxides; Azacyclic compounds; Heteroaromatic compounds; Hydrocarbon derivatives; Organopnictogen compounds; Organic oxygen compounds; Organic nitrogen compounds; Chemical entities	160.028	10	0.161	675022874226707943	675022701165528747	14	
1	C10H8N2O7S2	[M + Na]+	C10H8N2NaO7S2+	Amino acids and Peptides	0.534	β-lactams	0.074	Cephalosporins	0.078	Benzenoids	0.766							Benzenoids	0.766	Organic compounds; Organoheterocyclic compounds; Organosulfur compounds; Organic acids and derivatives; Carboxylic acids and derivatives; Organonitrogen compounds; Organooxygen compounds; Carboxylic acids; Carbonyl compounds; Benzenoids; Organic 1,3-dipolar compounds; Propargyl-type 1,3-dipolar organic compounds; Organic oxides; Azacyclic compounds; Heteroaromatic compounds; Hydrocarbon derivatives; Organopnictogen compounds; Organic oxygen compounds; Organic nitrogen compounds; Chemical entities	354.968	10	0.161	675022891041675047	675022701496878768	15	
2	C15H8O6S	[M + K]+	C15H8KO6S+	Shikimates and Phenylpropanoids	0.586	Polycyclic aromatic polyketides	0.174	Anthraquinones and anthrones	0.353	Benzenoids	0.980							Benzenoids	0.980	Organic compounds; Organic acids and derivatives; Carboxylic acids and derivatives; Organooxygen compounds; Carboxylic acids; Carbonyl compounds; Benzenoids; Organic oxides; Hydrocarbon derivatives; Organic oxygen compounds; Chemical entities	354.968	10	0.161	675022891041675048	675022701496878768	15	
3	C14H8O7Si	[M + K]+	C14H8KO7Si+	Shikimates and Phenylpropanoids	0.987	Phenolic acids (C6-C1)	0.912	Gallotannins	0.901	Phenylpropanoids and polyketides	0.660	Tannins	0.805	Hydrolyzable tannins	0.903			Hydrolyzable tannins	0.903	Organic compounds; Organoheterocyclic compounds; Lactones; Pyrans; Benzopyrans; Alcohols and polyols; Phenols; Coumarins and derivatives; Ellagic acids and derivatives; Tannins; Phenylpropanoids and polyketides; Organic acids and derivatives; Organooxygen compounds; Pyranones and derivatives; Carboxylic acids; Hydrolyzable tannins; Isocoumarins and derivatives; Benzene and substituted derivatives; Polyols; Benzenoids; 7,8-dihydroxycoumarins; 1-benzopyrans; 2-benzopyrans; Organic oxides; Oxacyclic compounds; Heteroaromatic compounds; Hydrocarbon derivatives; Organic oxygen compounds; 1-hydroxy-2-unsubstituted benzenoids; Chemical entities	354.968	10	0.161	675022891041675049	675022701496878768	15	
4	C8H8N6O4S2	[M + K]+	C8H8KN6O4S2+	Amino acids and Peptides	0.928	β-lactams	0.425	Cyclamides	0.327	Organoheterocyclic compounds	0.992	Azoles	0.861					Azoles	0.861	Organic compounds; Organoheterocyclic compounds; Organosulfur compounds; Organic acids and derivatives; Carboxylic acids and derivatives; Organonitrogen compounds; Organooxygen compounds; Azoles; Monocarboxylic acids and derivatives; Thioethers; Carboxylic acids; Carbonyl compounds; Sulfenyl compounds; Organic oxides; Azacyclic compounds; Heteroaromatic compounds; Hydrocarbon derivatives; Organopnictogen compounds; Organic oxygen compounds; Organic nitrogen compounds; Chemical entities	354.968	10	0.161	675022891041675050	675022701496878768	15	
5	C11H12N2O2S4	[M + Na]+	C11H12N2NaO2S4+	Amino acids and Peptides	0.776	Oligopeptides	0.136	Tantazoles and mirabazoles	0.152	Organoheterocyclic compounds	0.988	Azoles	0.593	Thiazoles	0.577			Thiazoles	0.577	Organic compounds; Organoheterocyclic compounds; Organosulfur compounds; Thiazoles; Organic acids and derivatives; Carboxylic acids and derivatives; Organonitrogen compounds; Organooxygen compounds; Azoles; Carbonyl compounds; Dithioles; Sulfenyl compounds; Organic oxides; Azacyclic compounds; Heteroaromatic compounds; Hydrocarbon derivatives; Organopnictogen compounds; Organic oxygen compounds; Organic nitrogen compounds; Chemical entities	354.968	10	0.161	675022891041675054	675022701496878768	15	
1	C8H16N2O4S3	[M + K]+	C8H16KN2O4S3+	Amino acids and Peptides	0.805	Small peptides	0.178	Imidazole alkaloids	0.111	Organosulfur compounds	0.946	Organic disulfides	0.573					Organic disulfides	0.573	Organic compounds; Organosulfur compounds; Organic acids and derivatives; Organonitrogen compounds; Organooxygen compounds; Carbonyl compounds; Organic disulfides; Sulfenyl compounds; Organic oxides; Hydrocarbon derivatives; Organopnictogen compounds; Organic oxygen compounds; Organic nitrogen compounds; Chemical entities	338.990	10	0.163	675022896452327938	675022700834178726	13	
2	C7H12N2O9S	[M + K]+	C7H12KN2O9S+	Amino acids and Peptides	0.974	Small peptides	0.881	Aminoacids	0.677	Organic acids and derivatives	0.997	Carboxylic acids and derivatives	0.972	Amino acids, peptides, and analogues	0.786	Amino acids and derivatives	0.784	Alpha amino acids	0.507	Organic compounds; Organosulfur compounds; Amino acids, peptides, and analogues; Alpha amino acids and derivatives; Organic acids and derivatives; Carboxylic acids and derivatives; Organonitrogen compounds; Organooxygen compounds; Amino acids and derivatives; Carboxylic acids; Carbonyl compounds; Alpha amino acids; Organic oxides; Hydrocarbon derivatives; Amino acids; Organopnictogen compounds; Organic oxygen compounds; Organic nitrogen compounds; Chemical entities	338.990	10	0.163	675022896452327941	675022700834178726	13	
3	C10H8N2O8S	[M + Na]+	C10H8N2NaO8S+	Alkaloids	0.704	β-lactams	0.244	Cephalosporins	0.115	Benzenoids	0.583	Benzene and substituted derivatives	0.306	Nitrobenzenes	0.554			Nitrobenzenes	0.554	Organic compounds; Organoheterocyclic compounds; Organosulfur compounds; Nitrobenzenes; Organic acids and derivatives; Carboxylic acids and derivatives; Organonitrogen compounds; Organooxygen compounds; Monocarboxylic acids and derivatives; Organic nitro compounds; Carboxylic acids; Organic oxoazanium compounds; Carbonyl compounds; Benzenoids; Organic 1,3-dipolar compounds; Allyl-type 1,3-dipolar organic compounds; Propargyl-type 1,3-dipolar organic compounds; Organic oxides; C-nitro compounds; Azacyclic compounds; Hydrocarbon derivatives; Organopnictogen compounds; Organic oxygen compounds; Nitroaromatic compounds; Organic nitrogen compounds; Chemical entities	338.990	10	0.163	675022896452327940	675022700834178726	13	
4	C11H12N2O3S3	[M + Na]+	C11H12N2NaO3S3+	Amino acids and Peptides	0.755	β-lactams	0.048	Imidazole alkaloids	0.030	Organoheterocyclic compounds	0.980	Heteroaromatic compounds	0.786					Heteroaromatic compounds	0.786	Organic compounds; Organoheterocyclic compounds; Organosulfur compounds; Organic acids and derivatives; Carboxylic acids and derivatives; Organonitrogen compounds; Organooxygen compounds; Carbonyl compounds; Organic oxides; Azacyclic compounds; Heteroaromatic compounds; Hydrocarbon derivatives; Organopnictogen compounds; Organic oxygen compounds; Organic nitrogen compounds; Chemical entities	338.990	10	0.163	675022896452327939	675022700834178726	13	
1	C5H6N2O2	[M + K]+	C5H6KN2O2+	Alkaloids	0.878	Pseudoalkaloids (transamidation)	0.184	Purine alkaloids	0.120	Organoheterocyclic compounds	0.995	Azoles	0.512					Azoles	0.512	Organic compounds; Organoheterocyclic compounds; Organic acids and derivatives; Organonitrogen compounds; Organooxygen compounds; Azoles; Organic oxides; Azacyclic compounds; Heteroaromatic compounds; Hydrocarbon derivatives; Organopnictogen compounds; Organic oxygen compounds; Organic nitrogen compounds; Chemical entities	165.007	10	0.166	675022872116972879	675022701752731317	17	
2	C5H3FN2O2	[M + Na]+	C5H3FN2NaO2+	Alkaloids	0.801	Pseudoalkaloids (transamidation)	0.153	Imidazole alkaloids	0.090	Organohalogen compounds	0.999	Aryl halides	0.993	Aryl fluorides	0.970			Aryl fluorides	0.970	Organic compounds; Organoheterocyclic compounds; Organic acids and derivatives; Carboxylic acids and derivatives; Organohalogen compounds; Organonitrogen compounds; Organooxygen compounds; Aryl fluorides; Monocarboxylic acids and derivatives; Carboxylic acids; Diazines; Organofluorides; Aryl halides; Organic oxides; Azacyclic compounds; Heteroaromatic compounds; Hydrocarbon derivatives; Organic oxygen compounds; Organic nitrogen compounds; Chemical entities	165.007	10	0.166	675022872116972878	675022701752731317	17	
3	C4H5ClN2O3	[M + H]+	C4H6ClN2O3+	Alkaloids	0.192	Pseudoalkaloids (transamidation)	0.057	Purine alkaloids	0.116	Organoheterocyclic compounds	0.999	Diazines	0.801	Pyrimidines and pyrimidine derivatives	0.622	Pyrimidinecarboxylic acids and derivatives	0.353	Pyrimidinecarboxylic acids	0.613	Organic compounds; Organoheterocyclic compounds; Pyrimidines and pyrimidine derivatives; Organic acids and derivatives; Organohalogen compounds; Organonitrogen compounds; Organooxygen compounds; Aryl chlorides; Monocarboxylic acids and derivatives; Diazines; Organochlorides; Hydropyrimidines; Pyrimidinecarboxylic acids; Aryl halides; Organic oxides; Azacyclic compounds; Heteroaromatic compounds; Hydrocarbon derivatives; Organopnictogen compounds; Organic oxygen compounds; Organic nitrogen compounds; Chemical entities	165.007	10	0.166	675022872116972880	675022701752731317	17	
4	C3H3ClN2O	[M + CH2O2 + H]+	C4H6ClN2O3+	Alkaloids	0.337	Fatty acyls	0.094	Halogenated fatty acids	0.236	Organohalogen compounds	0.988	Aryl halides	0.518	Aryl chlorides	0.598			Aryl chlorides	0.598	Organic compounds; Organoheterocyclic compounds; Organohalogen compounds; Organonitrogen compounds; Organooxygen compounds; Aryl chlorides; Organochlorides; Aryl halides; Azacyclic compounds; Heteroaromatic compounds; Hydrocarbon derivatives; Organic oxygen compounds; Organic nitrogen compounds; Chemical entities	165.007	10	0.166	675022872116972881	675022701752731317	17	
1	C5H7BF2N2O3	[M + H]+	C5H8BF2N2O3+	Amino acids and Peptides	0.164	Small peptides	0.264	Halogenated fatty acids	0.425	Organic acids and derivatives	0.814	Boronic acid derivatives	0.703	Boronic acids	0.507			Boronic acids	0.507	Organic compounds; Organoheterocyclic compounds; Organic acids and derivatives; Organohalogen compounds; Organonitrogen compounds; Organooxygen compounds; Boronic acids; Organometallic compounds; Boronic acid derivatives; Organometalloid compounds; Organofluorides; Organoboron compounds; Organic salts; Organic oxides; Organic metalloid salts; Organic metal salts; Hydrocarbon derivatives; Organic oxygen compounds; Organic nitrogen compounds; Chemical entities	192.062	10	0.166	675022871043230950	675022702025361082	35	
2	C4H14N2O3P	[M + Na]+	C4H14N2NaO3P+	Alkaloids	0.473	Pseudoalkaloids (transamidation)	0.203	Polyamines	0.102	Organic acids and derivatives	0.842	Organic phosphoric acids and derivatives	0.609	Organic phosphoramides	0.696			Organic phosphoramides	0.696	Organic compounds; Organic acids and derivatives; Organonitrogen compounds; Organic phosphoric acids and derivatives; Organic phosphoramides; Organic oxides; Hydrocarbon derivatives; Organopnictogen compounds; Organic oxygen compounds; Organic nitrogen compounds; Chemical entities	192.062	10	0.166	675022871043230951	675022702025361082	35	
1	C4H5ClN2O3	[M + C2H3N + H]+	C6H9ClN3O3+	Alkaloids	0.564	Pseudoalkaloids (transamidation)	0.329	Purine alkaloids	0.633	Organoheterocyclic compounds	1.000	Diazines	0.950	Pyrimidines and pyrimidine derivatives	0.926	Hydropyrimidines	0.865	Hydropyrimidine carboxylic acids and derivatives	0.791	Organic compounds; Organoheterocyclic compounds; Pyrimidines and pyrimidine derivatives; Lactams; Organic acids and derivatives; Organohalogen compounds; Organonitrogen compounds; Pyrimidones; Organooxygen compounds; Organic carbonic acids and derivatives; Ureas; Aryl chlorides; Pyrimidinecarboxylic acids and derivatives; Diazines; Organochlorides; Halopyrimidines; Hydropyrimidines; Hydropyrimidine carboxylic acids and derivatives; Pyrimidinecarboxylic acids; Aryl halides; Vinylogous amides; Organic oxides; Azacyclic compounds; Heteroaromatic compounds; Hydrocarbon derivatives; Organopnictogen compounds; Organic oxygen compounds; Organic nitrogen compounds; Chemical entities	206.033	10	0.166	675022873748557226	675022702251853503	39	
1	C6H12BNO9S2	[M - H4O2 + H]+	C6H9BNO7S2+	Amino acids and Peptides	0.997	Small peptides	0.970	Aminoacids	0.977	Organic acids and derivatives	0.970	Carboxylic acids and derivatives	0.364	Amino acids, peptides, and analogues	0.707	Amino acids and derivatives	0.707	L-alpha-amino acids	0.554	Organic compounds; Organosulfur compounds; Amino acids, peptides, and analogues; Alpha amino acids and derivatives; Alcohols and polyols; Organic acids and derivatives; Organonitrogen compounds; Organooxygen compounds; Amino acids and derivatives; Boronic acids; Organometallic compounds; Monoalkylamines; Carboxylic acids; Organometalloid compounds; Secondary alcohols; Alpha amino acids; Amines; Primary amines; Organoboron compounds; Sulfenyl compounds; Organic salts; Organic oxides; Organic metalloid salts; Organic metal salts; L-alpha-amino acids; Hydrocarbon derivatives; Amino acids; L-cysteine-S-conjugates; Organopnictogen compounds; Organic oxygen compounds; Organic nitrogen compounds; Chemical entities	280.994	10	0.166	675022891993782151	675022702465763012	46	
2	C6H8BNO7S2	[M + H]+	C6H9BNO7S2+	Amino acids and Peptides	0.850	Small peptides	0.553	Aminoacids	0.611	Organosulfur compounds	0.827	Sulfonyls	0.560					Sulfonyls	0.560	Organic compounds; Organosulfur compounds; Organic acids and derivatives; Carboxylic acids and derivatives; Organonitrogen compounds; Organooxygen compounds; Boronic acids; Organometallic compounds; Boronic acid derivatives; Monocarboxylic acids and derivatives; Sulfonyls; Carboxylic acids; Organometalloid compounds; Carbonyl compounds; Organoboron compounds; Organic salts; Organic oxides; Organic metalloid salts; Organic metal salts; Hydrocarbon derivatives; Organic oxygen compounds; Organic nitrogen compounds; Chemical entities	280.994	10	0.166	675022891993782150	675022702465763012	46	
3	C4H5BO7S2	[M + C2H3N + H]+	C6H9BNO7S2+	Fatty acids	0.592	Fatty Acids and Conjugates	0.614	Halogenated fatty acids	0.384	Organic acids and derivatives	0.989	Boronic acid derivatives	0.575					Boronic acid derivatives	0.575	Organic compounds; Organosulfur compounds; Organic acids and derivatives; Carboxylic acids and derivatives; Organooxygen compounds; Organometallic compounds; Boronic acid derivatives; Carboxylic acids; Organometalloid compounds; Carbonyl compounds; Organic salts; Organic oxides; Organic metalloid salts; Organic metal salts; Hydrocarbon derivatives; Organic oxygen compounds; Chemical entities	280.994	10	0.166	675022891993782152	675022702465763012	46	
4	C6H9BClF2NO4	[M + K]+	C6H9BClF2KNO4+	Amino acids and Peptides	0.839	Small peptides	0.760	Aminoacids	0.751	Organic acids and derivatives	0.997	Carboxylic acids and derivatives	0.976	Amino acids, peptides, and analogues	0.626	Amino acids and derivatives	0.629	Alpha amino acids and derivatives	0.500	Organic compounds; Lipids and lipid-like molecules; Amino acids, peptides, and analogues; Alpha amino acids and derivatives; Organic acids and derivatives; Carboxylic acids and derivatives; Organohalogen compounds; Organonitrogen compounds; Organooxygen compounds; Amino acids and derivatives; Organometallic compounds; Boronic acid derivatives; Alkyl fluorides; Monocarboxylic acids and derivatives; Carboxylic acids; Organometalloid compounds; Organochlorides; Organofluorides; Carbonyl compounds; Organoboron compounds; Alkyl halides; Organic salts; Organic oxides; Organic metalloid salts; Organic metal salts; Hydrocarbon derivatives; Alkylboranes; Organic oxygen compounds; Organic nitrogen compounds; Chemical entities	280.994	10	0.166	675022891993782153	675022702465763012	46	
1	C6H10Cl2N2O2	[M + H]+	C6H11Cl2N2O2+	Fatty acids	0.532	Small peptides	0.269	Halogenated fatty acids	0.612	Organic acids and derivatives	0.929	Carboxylic acids and derivatives	0.738	Carboxylic acid derivatives	0.522			Carboxylic acid derivatives	0.522	Organic compounds; Organic acids and derivatives; Carboxylic acids and derivatives; Organohalogen compounds; Organonitrogen compounds; Organooxygen compounds; Alkyl chlorides; Carboxylic acid derivatives; Organochlorides; Carbonyl compounds; Alkyl halides; Organic oxides; Hydrocarbon derivatives; Organopnictogen compounds; Organic oxygen compounds; Organic nitrogen compounds; Chemical entities	213.018	10	0.166	675022874881019415	675022702696449737	55	
3	C6H11N2O2P	[M + K]+	C6H11KN2O2P+	Alkaloids	0.748	Pseudoalkaloids (transamidation)	0.217	Imidazole alkaloids	0.161	Organoheterocyclic compounds	0.738	Azacyclic compounds	0.710					Azacyclic compounds	0.710	Organic compounds; Organoheterocyclic compounds; Organonitrogen compounds; Organooxygen compounds; Organophosphorus compounds; Organic oxides; Azacyclic compounds; Hydrocarbon derivatives; Organopnictogen compounds; Organic oxygen compounds; Organic nitrogen compounds; Chemical entities	213.018	10	0.166	675022874881019417	675022702696449737	55	
1	C6H14N4O2	[M + H]+	C6H15N4O2+	Amino acids and Peptides	1.000	Small peptides	1.000	Aminoacids	1.000	Organic acids and derivatives	1.000	Carboxylic acids and derivatives	1.000	Amino acids, peptides, and analogues	1.000	Amino acids and derivatives	1.000	L-alpha-amino acids	0.571	Organic compounds; Lipids and lipid-like molecules; Amino acids, peptides, and analogues; Alpha amino acids and derivatives; Fatty acids and conjugates; Organic acids and derivatives; Carboxylic acids and derivatives; Organonitrogen compounds; Organooxygen compounds; Amino acids and derivatives; Guanidines; Monoalkylamines; Monocarboxylic acids and derivatives; Carboxylic acids; Carbonyl compounds; Alpha amino acids; Amines; Primary amines; Carboximidamides; Organic 1,3-dipolar compounds; Propargyl-type 1,3-dipolar organic compounds; Fatty Acyls; Organic oxides; L-alpha-amino acids; Hydrocarbon derivatives; Amino acids; Organopnictogen compounds; Organic oxygen compounds; Organic nitrogen compounds; Chemical entities	175.118	10	0.173	675022882099417203	675022702880999118	64	
1	C12H22N4O6	[M + H]+	C12H23N4O6+	Amino acids and Peptides	0.999	Small peptides	0.999	Aminoacids	0.823	Organic acids and derivatives	1.000	Carboxylic acids and derivatives	1.000	Amino acids, peptides, and analogues	0.998	Amino acids and derivatives	0.998	Alpha amino acids	0.944	Organic compounds; Lipids and lipid-like molecules; Amino acids, peptides, and analogues; Alpha amino acids and derivatives; Fatty acids and conjugates; Organic acids and derivatives; Carboxylic acids and derivatives; Organonitrogen compounds; Organooxygen compounds; Dicarboxylic acids and derivatives; Amino acids and derivatives; Guanidines; Monoalkylamines; Carboxylic acid derivatives; Carboxylic acids; Carbonyl compounds; Dialkylamines; Alpha amino acids; Amines; Primary amines; Carboximidamides; Organic 1,3-dipolar compounds; Propargyl-type 1,3-dipolar organic compounds; Fatty Acyls; Organic oxides; Hydrocarbon derivatives; Amino acids; Organopnictogen compounds; Organic oxygen compounds; Organic nitrogen compounds; Chemical entities	319.161	10	0.173	675022881919062101	675022703141045971	67	
1	C12H24N4O7	[M + H]+	C12H25N4O7+	Amino acids and Peptides	0.932	Small peptides	0.959	Aminoacids	0.773	Organic acids and derivatives	1.000	Carboxylic acids and derivatives	0.999	Amino acids, peptides, and analogues	0.993	Amino acids and derivatives	0.993	Alpha amino acids	0.843	Organic compounds; Lipids and lipid-like molecules; Amino acids, peptides, and analogues; Alpha amino acids and derivatives; Fatty acids and conjugates; Organic acids and derivatives; Carboxylic acids and derivatives; Organonitrogen compounds; Organooxygen compounds; Dicarboxylic acids and derivatives; Amino acids and derivatives; Guanidines; Carboxylic acids; Carbonyl compounds; Alpha amino acids; Amines; Carboximidamides; Organic 1,3-dipolar compounds; Propargyl-type 1,3-dipolar organic compounds; Fatty Acyls; Organic oxides; Hydrocarbon derivatives; Amino acids; Organopnictogen compounds; Organic oxygen compounds; Organic nitrogen compounds; Chemical entities	337.171	10	0.173	675022884544697027	675022703359149784	68	
1	C18H34N4O12	[M + H]+	C18H35N4O12+	Carbohydrates	0.423	Aminosugars and aminoglycosides	0.389	Aminoglycosides	0.169	Organic acids and derivatives	0.997	Carboxylic acids and derivatives	0.989	Amino acids, peptides, and analogues	0.905	Amino acids and derivatives	0.903	N-acyl-alpha amino acids	0.604	Organic compounds; Organoheterocyclic compounds; Carbohydrates and carbohydrate conjugates; Lipids and lipid-like molecules; Amino acids, peptides, and analogues; Alpha amino acids and derivatives; Alcohols and polyols; Ethers; Organic acids and derivatives; Carboxylic acids and derivatives; Organonitrogen compounds; Organooxygen compounds; Amino acids and derivatives; Guanidines; Carboxylic acid amides; Carboxylic acid derivatives; Monocarboxylic acids and derivatives; N-acyl-alpha amino acids and derivatives; Carboxylic acids; Secondary alcohols; Secondary carboxylic acid amides; Carbonyl compounds; Oxanes; N-acyl-alpha amino acids; Carboximidamides; Organic 1,3-dipolar compounds; Propargyl-type 1,3-dipolar organic compounds; Fatty Acyls; Organic oxides; Oxacyclic compounds; Hydrocarbon derivatives; Organopnictogen compounds; Organic oxygen compounds; Organic nitrogen compounds; Chemical entities	499.223	10	0.173	675022882246217860	675022703497561821	72	
1	C6H13NO5	[M + H]+	C6H14NO5+	Carbohydrates	0.999	Aminosugars and aminoglycosides	0.999	Aminosugars	1.000	Organic oxygen compounds	1.000	Organooxygen compounds	1.000	Carbohydrates and carbohydrate conjugates	0.980	Monosaccharides	0.979	Hexoses	0.947	Organic compounds; Organoheterocyclic compounds; Carbohydrates and carbohydrate conjugates; Alcohols and polyols; Ethers; Organonitrogen compounds; Primary alcohols; Organooxygen compounds; Monoalkylamines; Hemiacetals; Hexoses; Monosaccharides; Secondary alcohols; 1,2-aminoalcohols; Oxanes; Polyols; Amines; Primary amines; Alkanolamines; Aminosaccharides; Oxacyclic compounds; Hydrocarbon derivatives; Organopnictogen compounds; Organic oxygen compounds; Organic nitrogen compounds; Chemical entities	180.087	10	0.173	675022872049863996	675022704512583414	89	
1	C5H12N2O2Si2	[M + K]+	C5H12KN2O2Si2+	Amino acids and Peptides	0.627	Small peptides	0.654	Aminoacids	0.690	Organic acids and derivatives	0.861	Carboxylic acids and derivatives	0.803	Amino acids, peptides, and analogues	0.592	Amino acids and derivatives	0.592	Amino acids and derivatives	0.592	Organic compounds; Amino acids, peptides, and analogues; Organic acids and derivatives; Carboxylic acids and derivatives; Organonitrogen compounds; Organooxygen compounds; Amino acids and derivatives; Carboxylic acids; Carbonyl compounds; Organic oxides; Hydrocarbon derivatives; Organopnictogen compounds; Organic oxygen compounds; Organic nitrogen compounds; Chemical entities	227.006	11	0.179	675022895886096836	675022704801990400	92	
2	C3H7F3N2O3Si	[M + Na]+	C3H7F3N2NaO3Si+	Amino acids and Peptides	0.324	Small peptides	0.472	Halogenated fatty acids	0.749	Organic acids and derivatives	0.988	Carboxylic acids and derivatives	0.958	Amino acids, peptides, and analogues	0.819	Amino acids and derivatives	0.816	Amino acids and derivatives	0.816	Organic compounds; Amino acids, peptides, and analogues; Organic acids and derivatives; Carboxylic acids and derivatives; Organohalogen compounds; Organonitrogen compounds; Organooxygen compounds; Amino acids and derivatives; Alkyl fluorides; Organofluorides; Carbonyl compounds; Alkyl halides; Organic oxides; Hydrocarbon derivatives; Organopnictogen compounds; Organic oxygen compounds; Organic nitrogen compounds; Chemical entities	227.006	11	0.179	675022895886096837	675022704801990400	92	
1	C12H22O11	[M + Na]+	C12H22NaO11+	Carbohydrates	0.999	Saccharides	1.000	Disaccharides	0.999	Organic oxygen compounds	1.000	Organooxygen compounds	1.000	Carbohydrates and carbohydrate conjugates	1.000	Disaccharides	0.803	Disaccharides	0.803	Organic compounds; Organoheterocyclic compounds; Carbohydrates and carbohydrate conjugates; Alcohols and polyols; Ethers; Primary alcohols; Organooxygen compounds; Disaccharides; Acetals; Secondary alcohols; Oxanes; Glycosyl compounds; O-glycosyl compounds; Polyols; Oxacyclic compounds; Hydrocarbon derivatives; Organic oxygen compounds; Chemical entities	365.105	11	0.182	675022884938961637	675022705062037258	94	
2	C13H18N4O7	[M + Na]+	C13H18N4NaO7+	Carbohydrates	0.709	Pseudoalkaloids (transamidation)	0.552	Purine alkaloids	0.759	Organic oxygen compounds	1.000	Organooxygen compounds	0.995	Carbohydrates and carbohydrate conjugates	0.994	Monosaccharides	0.970	Hexoses	0.746	Organic compounds; Organoheterocyclic compounds; Carbohydrates and carbohydrate conjugates; Pyrimidines and pyrimidine derivatives; Alcohols and polyols; Organonitrogen compounds; Primary alcohols; Nucleosides, nucleotides, and analogues; Pyrimidones; Organooxygen compounds; Diazines; Hexoses; Monosaccharides; Secondary alcohols; Imidazopyrimidines; Oxanes; Glycosyl compounds; Glycosylamines; Polyols; Amines; Azacyclic compounds; Oxacyclic compounds; Heteroaromatic compounds; Hydrocarbon derivatives; Organopnictogen compounds; Organic oxygen compounds; Organic nitrogen compounds; Chemical entities	365.105	11	0.182	675022884938961638	675022705062037258	94	
1	C11H23NO6	[M + H]+	C11H24NO6+	Carbohydrates	0.921	Aminosugars and aminoglycosides	0.907	Aminosugars	0.890	Organic acids and derivatives	0.633	Carboxylic acids and derivatives	0.747	Amino acids, peptides, and analogues	0.490	Amino acids and derivatives	0.492	Amino acids	0.659	Organic compounds; Organoheterocyclic compounds; Carbohydrates and carbohydrate conjugates; Lipids and lipid-like molecules; Alcohols and polyols; Ethers; Fatty acids and conjugates; Organic acids and derivatives; Carboxylic acids and derivatives; Organonitrogen compounds; Primary alcohols; Organooxygen compounds; Monocarboxylic acids and derivatives; Carboxylic acids; Hexoses; Monosaccharides; Secondary alcohols; Carbonyl compounds; Oxanes; Glycosyl compounds; Polyols; Amines; Fatty Acyls; Organic oxides; Oxacyclic compounds; Hydrocarbon derivatives; Amino acids; Organopnictogen compounds; Organic oxygen compounds; Organic nitrogen compounds; Chemical entities	266.159	11	0.182	675022883957494402	675022704093153004	86	
1	C13H15F6NO5	[M + H]+	C13H16F6NO5+	Alkaloids	0.432	Ornithine alkaloids	0.173	Tropane alkaloids	0.047	Organic acids and derivatives	0.817	Carboxylic acids and derivatives	0.833	Amino acids, peptides, and analogues	0.506	Amino acids and derivatives	0.508	Amino acids and derivatives	0.508	Organic compounds; Amino acids, peptides, and analogues; Alcohols and polyols; Organic acids and derivatives; Carboxylic acids and derivatives; Organohalogen compounds; Organonitrogen compounds; Organooxygen compounds; Amino acids and derivatives; Alkyl fluorides; Organofluorides; Carbonyl compounds; Alkyl halides; Organic oxides; Hydrocarbon derivatives; Organopnictogen compounds; Organic oxygen compounds; Organic nitrogen compounds; Chemical entities	380.094	11	0.182	675022889489782152	675022704315451121	88	
2	C14H17F2N5O3	[M + K]+	C14H17F2KN5O3+	Alkaloids	0.572	Small peptides	0.259	Purine alkaloids	0.055	Organic 1,3-dipolar compounds	0.647	Allyl-type 1,3-dipolar organic compounds	0.679	Organic nitro compounds	0.733	C-nitro compounds	0.715	Nitroaromatic compounds	0.665	Organic compounds; Organoheterocyclic compounds; Halobenzenes; Organic acids and derivatives; Organohalogen compounds; Organonitrogen compounds; Organooxygen compounds; Azoles; Aryl fluorides; Fluorobenzenes; Organic nitro compounds; Organic oxoazanium compounds; Organofluorides; Benzene and substituted derivatives; Benzenoids; Amines; Aryl halides; Organic 1,3-dipolar compounds; Allyl-type 1,3-dipolar organic compounds; Propargyl-type 1,3-dipolar organic compounds; Organic oxides; C-nitro compounds; Azacyclic compounds; Heteroaromatic compounds; Hydrocarbon derivatives; Organopnictogen compounds; Organic oxygen compounds; Nitroaromatic compounds; Organic nitrogen compounds; Chemical entities	380.094	11	0.182	675022889489782153	675022704315451121	88	
3	C11H15F4N5O4	[M + Na]+	C11H15F4N5NaO4+	Carbohydrates	0.985	Nucleosides	0.984	Purine nucleosides	0.532	Organoheterocyclic compounds	0.999	Azoles	0.796	Imidazoles	0.588	Substituted imidazoles	0.744	N-substituted imidazoles	0.777	Organic compounds; Organoheterocyclic compounds; Imidazoles; Alcohols and polyols; Organohalogen compounds; Organonitrogen compounds; Primary alcohols; Nucleosides, nucleotides, and analogues; Organooxygen compounds; Azoles; Alkyl fluorides; Organofluorides; Secondary alcohols; Substituted imidazoles; N-substituted imidazoles; Amines; Primary amines; Halohydrins; Fluorohydrins; Alkyl halides; Organic 1,3-dipolar compounds; Azacyclic compounds; Oxacyclic compounds; Heteroaromatic compounds; Hydrocarbon derivatives; Organopnictogen compounds; Organic oxygen compounds; Organic nitrogen compounds; Chemical entities	380.094	11	0.182	675022889489782154	675022704315451121	88	
4	C8H16FN7O8	[M + Na]+	C8H16FN7NaO8+	Carbohydrates	0.998	Nucleosides	0.982	Pyrimidine nucleosides	0.803	Organic oxygen compounds	1.000	Organooxygen compounds	0.998	Carbohydrates and carbohydrate conjugates	0.737	Glycosyl compounds	0.714	Glycosylamines	0.582	Organic compounds; Organoheterocyclic compounds; Carbohydrates and carbohydrate conjugates; Alcohols and polyols; Organohalogen compounds; Organonitrogen compounds; Primary alcohols; Nucleosides, nucleotides, and analogues; Organooxygen compounds; Aryl fluorides; Organofluorides; Secondary alcohols; Glycosyl compounds; Glycosylamines; Amines; Primary amines; Alkyl halides; Organic oxides; 1,3,5-triazines; Azacyclic compounds; Oxacyclic compounds; Heteroaromatic compounds; Hydrocarbon derivatives; Organopnictogen compounds; Organic oxygen compounds; Organic nitrogen compounds; Chemical entities	380.094	11	0.182	675022889489782156	675022704315451121	88	
1	C7H12BNO4S	[M + Na]+	C7H12BNNaO4S+	Amino acids and Peptides	0.883	Small peptides	0.554	Pinane monoterpenoids	0.380	Organic acids and derivatives	0.826	Boronic acid derivatives	0.645					Boronic acid derivatives	0.645	Organic compounds; Organoheterocyclic compounds; Organosulfur compounds; Organic acids and derivatives; Organooxygen compounds; Organometallic compounds; Boronic acid derivatives; Organometalloid compounds; Organoboron compounds; Organic salts; Organic metalloid salts; Organic metal salts; Oxacyclic compounds; Hydrocarbon derivatives; Organic oxygen compounds; Organic nitrogen compounds; Chemical entities	239.051	11	0.188	675022894237735114	675022705095591695	96	
2	C4H8BClFN5O3	[M + H]+	C4H9BClFN5O3+	Carbohydrates	0.172	Histidine alkaloids	0.139	Imidazole alkaloids	0.139	Organoheterocyclic compounds	0.788	Azacyclic compounds	0.782					Azacyclic compounds	0.782	Organic compounds; Organoheterocyclic compounds; Organohalogen compounds; Organonitrogen compounds; Organooxygen compounds; Organometallic compounds; Alkyl chlorides; Organometalloid compounds; Organochlorides; Alkyl halides; Organic salts; Organic oxides; Organic metalloid salts; Organic metal salts; Azacyclic compounds; Hydrocarbon derivatives; Organopnictogen compounds; Organic oxygen compounds; Organic nitrogen compounds; Chemical entities	239.051	11	0.188	675022894237735113	675022705095591695	96	
1	C12H23NO10	[M + H]+	C12H24NO10+	Carbohydrates	0.999	Aminosugars and aminoglycosides	0.908	Aminosugars	0.948	Lipids and lipid-like molecules	0.388	Fatty Acyls	0.410	Fatty acyl glycosides	0.487	Fatty acyl glycosides of mono- and disaccharides	0.560	Fatty acyl glycosides of mono- and disaccharides	0.560	Organic compounds; Organoheterocyclic compounds; Carbohydrates and carbohydrate conjugates; Alcohols and polyols; Ethers; Organic acids and derivatives; Carboxylic acids and derivatives; Organonitrogen compounds; Primary alcohols; Organooxygen compounds; Carboxylic acid amides; Hemiacetals; Carboxylic acid derivatives; Monosaccharides; Acetals; Secondary alcohols; Secondary carboxylic acid amides; Carbonyl compounds; Oxanes; Glycosyl compounds; O-glycosyl compounds; Polyols; Aminosaccharides; Fatty acyl glycosides of mono- and disaccharides; Acetamides; Organic oxides; Oxacyclic compounds; Hydrocarbon derivatives; Organopnictogen compounds; Organic oxygen compounds; Organic nitrogen compounds; Chemical entities	342.139	11	0.189	675022905730128440	675022703900215015	75	
