Name,Formula,Mass,RT,SMILES,InChI,InChI Key,structurePerIdRank,formulaRank,ConfidenceScoreExact,ConfidenceScoreApproximate,CSI:FingerIDScore,ZodiacScore,SiriusScoreNormalized,adduct,precursorFormula,ionMass,formulaId,alignedFeatureId,mappingFeatureId
"(9,10-Dioxoanthracene-2-carbonyl) sulfite",C15H8O6S,316.004,0.161,C1=CC=C2C(=C1)C(=O)C3=C(C2=O)C=C(C=C3)C(=O)OS(=O)O,"InChI=1S/C15H8O6S/c16-13-9-3-1-2-4-10(9)14(17)12-7-8(5-6-11(12)13)15(18)21-22(19)20/h1-7H,(H,19,20)",HQUSYOGPRLIUIV,1,2,0.039,0.039,-97.785,0.227,0.183,[M + K]+,C15H8KO6S+,354.968,675022891041675048,675022701496878768,15
Homothiocystine,C8H16N2O4S3,300.027,0.163,CC(CSSSCC(C)(C(=O)O)N)(C(=O)O)N,"InChI=1S/C8H16N2O4S3/c1-7(9,5(11)12)3-15-17-16-4-8(2,10)6(13)14/h3-4,9-10H2,1-2H3,(H,11,12)(H,13,14)",YSUMSESTNZEANL,1,1,0.033,0.033,-181.966,0.514,0.611,[M + K]+,C8H16KN2O4S3+,338.990,675022896452327938,675022700834178726,13
5-Fluoropyrimidine-2-carboxylic acid,C5H3FN2O2,142.018,0.166,C1=C(C=NC(=N1)C(=O)O)F,"InChI=1S/C5H3FN2O2/c6-3-1-7-4(5(9)10)8-2-3/h1-2H,(H,9,10)",BRHVWYOCJKRZBG,1,2,0.139,0.139,-37.631,0.410,0.815,[M + Na]+,C5H3FN2NaO2+,165.007,675022872116972878,675022701752731317,17
"Acetamide, N,N'-ethylenebis(chloro-",C6H10Cl2N2O2,212.012,0.166,C(CNC(=O)CCl)NC(=O)CCl,"InChI=1S/C6H10Cl2N2O2/c7-3-5(11)9-1-2-10-6(12)4-8/h1-4H2,(H,9,11)(H,10,12)",BQUBHNCENTUVMP,1,1,0.074,0.074,-142.206,0.428,0.428,[M + H]+,C6H11Cl2N2O2+,213.018,675022874881019415,675022702696449737,55
Harg,C6H14N4O2,174.112,0.173,C(CC(C(=O)O)N)CN=C(N)N,"InChI=1S/C6H14N4O2/c7-4(5(11)12)2-1-3-10-6(8)9/h4H,1-3,7H2,(H,11,12)(H4,8,9,10)",ODKSFYDXXFIFQN,1,1,0.955,0.955,-44.118,1.000,1.000,[M + H]+,C6H15N4O2+,175.118,675022882099417203,675022702880999118,64
"2-[[2-(2,6-Diaminohexanoylamino)acetyl]amino]butanedioic acid",C12H22N4O6,318.154,0.173,C(CCN)CC(C(=O)NCC(=O)NC(CC(=O)O)C(=O)O)N,"InChI=1S/C12H22N4O6/c13-4-2-1-3-7(14)11(20)15-6-9(17)16-8(12(21)22)5-10(18)19/h7-8H,1-6,13-14H2,(H,15,20)(H,16,17)(H,18,19)(H,21,22)",GPJGFSFYBJGYRX,1,1,0.041,0.041,-290.721,1.000,1.000,[M + H]+,C12H23N4O6+,319.161,675022881919062101,675022703141045971,67
"((3S,4R,5R)-3,4,5,6-tetrahydroxy-2-oxohexyl)arginine",C12H24N4O7,336.164,0.173,C(CC(C(=O)O)NCC(=O)C(C(C(CO)O)O)O)CN=C(N)N,"InChI=1S/C12H24N4O7/c13-12(14)15-3-1-2-6(11(22)23)16-4-7(18)9(20)10(21)8(19)5-17/h6,8-10,16-17,19-21H,1-5H2,(H,22,23)(H4,13,14,15)",UEZWWYVAHKTISC,1,1,0.171,0.196,-212.243,0.999,0.500,[M + H]+,C12H25N4O7+,337.171,675022884544697027,675022703359149784,68
"Arginine; (S)-Form, N2-[&#945;-D-Glucopyranosyl-(1->4)-&#946;-D-Fructopyranos-1-Yl]",C18H34N4O12,498.217,0.173,C1C(C(C(C(O1)(CNC(CCCN=C(N)N)C(=O)O)O)O)O)OC2C(C(C(C(O2)CO)O)O)O,"InChI=1S/C18H34N4O12/c19-17(20)21-3-1-2-7(15(29)30)22-6-18(31)14(28)11(25)9(5-32-18)34-16-13(27)12(26)10(24)8(4-23)33-16/h7-14,16,22-28,31H,1-6H2,(H,29,30)(H4,19,20,21)",ZAZHPBXBNGWCDV,1,1,0.112,0.159,-389.721,0.998,0.500,[M + H]+,C18H35N4O12+,499.223,675022882246217860,675022703497561821,72
Chitosan,C6H13NO5,179.079,0.173,C(C1C(C(C(C(O1)O)N)O)O)O,"InChI=1S/C6H13NO5/c7-3-5(10)4(9)2(1-8)12-6(3)11/h2-6,8-11H,1,7H2",MSWZFWKMSRAUBD,1,1,0.872,0.934,-12.440,1.000,1.000,[M + H]+,C6H14NO5+,180.087,675022872049863996,675022704512583414,89
Sucrose,C12H22O11,342.116,0.182,C(C1C(C(C(C(O1)OC2(C(C(C(O2)CO)O)O)CO)O)O)O)O,"InChI=1S/C12H22O11/c13-1-4-6(16)8(18)9(19)11(21-4)23-12(3-15)10(20)7(17)5(2-14)22-12/h4-11,13-20H,1-3H2",CZMRCDWAGMRECN,1,1,0.472,0.472,-29.891,0.760,0.711,[M + Na]+,C12H22NaO11+,365.105,675022884938961637,675022705062037258,94
"(3S,4R,6R)-5-amino-2-(hydroxymethyl)-6-(2-methoxybutoxy)oxane-3,4-diol",C11H23NO6,265.153,0.182,CCC(COC1C(C(C(C(O1)CO)O)O)N)OC,"InChI=1S/C11H23NO6/c1-3-6(16-2)5-17-11-8(12)10(15)9(14)7(4-13)18-11/h6-11,13-15H,3-5,12H2,1-2H3",KINPKWJANBSVAY,1,1,0.246,0.246,-110.601,1.000,1.000,[M + H]+,C11H24NO6+,266.159,675022883957494402,675022704093153004,86
"2-(2,2-difluoroethyl)-7-(2-ethyl-4-methyl-1,3-oxazole-5-carbonyl)-6,8-dihydro-5H-[1,2,4]triazolo[4,3-a]pyrazin-3-one",C14H17F2N5O3,341.130,0.182,CCC1=NC(=C(O1)C(=O)N2CCN3C(=NN(C3=O)CC(F)F)C2)C,"InChI=1S/C14H17F2N5O3/c1-3-11-17-8(2)12(24-11)13(22)19-4-5-20-10(7-19)18-21(14(20)23)6-9(15)16/h9H,3-7H2,1-2H3",XZXHURRUGPMUBS,1,2,0.024,0.024,-244.140,0.107,0.387,[M + K]+,C14H17F2KN5O3+,380.094,675022889489782153,675022704315451121,88
Trihydroxy-[[(2-thiophen-2-ylacetyl)amino]methyl]boranuide,C7H12BNO4S,216.062,0.188,[B-](CNC(=O)CC1=CC=CS1)(O)(O)O,"InChI=1S/C7H11BNO4S/c10-7(9-5-8(11,12)13)4-6-2-1-3-14-6/h1-3,11-13H,4-5H2,(H,9,10)/q-1",XBYNOGQIPFLIEA,1,1,0.016,0.016,-252.781,0.744,0.185,[M + Na]+,C7H12BNNaO4S+,239.051,675022894237735114,675022705095591695,96
"2-{[3-amino-2,5-dihydroxy-6-(hydroxymethyl)oxan-4-yl]oxy}-6-(hydroxymethyl)oxane-3,4,5-triol",C12H23NO10,341.132,0.189,C(C1C(C(C(C(O1)O)N)OC2C(C(C(C(O2)CO)O)O)O)O)O,"InChI=1S/C12H23NO10/c13-5-10(7(17)4(2-15)21-11(5)20)23-12-9(19)8(18)6(16)3(1-14)22-12/h3-12,14-20H,1-2,13H2",IGOUFHBPYLCDRJ,1,1,0.213,0.213,-101.983,1.000,1.000,[M + H]+,C12H24NO10+,342.139,675022905730128440,675022703900215015,75
