structureRankPerFormula	formulaRank	ConfidenceScore	CSI:FingerIDScore	molecularFormula	adduct	InChIkey2D	InChI	name	smiles	xlogp	pubchemids	links	dbflags
1	1	0.2808935745053165	-63.182401672402364	C10H19NO7	[M + H]+	GCJQXFZHHRGWHB	InChI=1S/C10H19NO7/c12-4-5-8(15)9(16)7(10(17)18-5)11-3-1-2-6(13)14/h5,7-12,15-17H,1-4H2,(H,13,14)	Ncpadg	C(CC(=O)O)CNC1C(C(C(OC1O)CO)O)O	-4.80000019	196872	MeSH:(196872);PubChem:(196872);PubMed	70
2	1	N/A	-73.4738990527823	C10H19NO7	[M + H]+	HUEOABWGBTXQNF	InChI=1S/C10H19NO7/c12-4-6-8(15)9(16)10(17,18-6)5-11-3-1-2-7(13)14/h6,8-9,11-12,15-17H,1-5H2,(H,13,14)	null	C(CC(=O)O)CNCC1(C(C(C(O1)CO)O)O)O	-4.5	131752417	COCONUT:(CNP0269132);HMDB:(38663);PubChem:(131752417);CHEBI:(138790);PubChem class - bio and metabolites	18874410
3	1	N/A	-144.38408024343175	C10H19NO7	[M + H]+	ZIMREPWIHGBADX	InChI=1S/C10H19NO7/c12-6-4-18-10(17,9(16)8(6)15)5-11-3-1-2-7(13)14/h6,8-9,11-12,15-17H,1-5H2,(H,13,14)	null	C1C(C(C(C(O1)(CNCCCC(=O)O)O)O)O)O	-5.0	118214957	COCONUT:(CNP0206122);Natural Products:(UNPD211117);PubChem:(118214957)	2129922
4	1	N/A	-186.83723422642032	C10H19NO7	[M + H]+	XGWCBUHCPVYINT	InChI=1S/C10H19NO7/c12-4-1-11-2-6(7(4)14)18-10-9(16)8(15)5(13)3-17-10/h4-16H,1-3H2	(2S,3R,4S,5R)-2-[(3R,4R,5S)-4,5-dihydroxypiperidin-3-yl]oxyoxane-3,4,5-triol	C1C(C(C(CN1)OC2C(C(C(CO2)O)O)O)O)O	-3.79999995	5289582;102154083	PubChem:(5289582 102154083);PubMed;PubChem class - bio and metabolites	16777282
5	1	N/A	-194.12943891727824	C10H19NO7	[M + H]+	HFSKSWPVYWOHEY	InChI=1S/C10H19NO7/c12-5-7(14)10(18)9(17)6(13)4-11-3-1-2-8(15)16/h7,9-12,14,17-18H,1-5H2,(H,15,16)	null	C(CC(=O)O)CNCC(=O)C(C(C(CO)O)O)O	-5.4000001	101040890	COCONUT:(CNP0236608);Natural Products:(UNPD101496);PubChem:(101040890);SuperNatural:(SN00287421)	3178498
6	1	N/A	-197.15924974257	C10H19NO7	[M + H]+	ULCOIDOBGAVMDZ	InChI=1S/C10H19NO7/c1-5(14)2-8(16)11-6(3-12)9(17)10(18)7(15)4-13/h3,5-7,9-10,13-15,17-18H,2,4H2,1H3,(H,11,16)	null	CC(CC(=O)NC(C=O)C(C(C(CO)O)O)O)O	-3.70000005	90797191;91571172	MeSH:(91571172);PubChem:(90797191 91571172);PubMed	70
7	1	N/A	-280.9788305131684	C10H19NO7	[M + H]+	MQDTXDVZHGTKQS	InChI=1S/C10H19NO7/c12-5-6(13)7(14)8(15)9(16)10(17)11-1-3-18-4-2-11/h6-8,10,12-15,17H,1-5H2	1-Deoxy-1-morpholinofructose	C1COCCN1C(C(=O)C(C(C(CO)O)O)O)O	-3.4000001	6454484	MeSH:(6454484);PubChem:(6454484);PubMed	70