structureRankPerFormula	formulaRank	ConfidenceScore	CSI:FingerIDScore	molecularFormula	adduct	InChIkey2D	InChI	name	smiles	xlogp	pubchemids	links	dbflags
1	1	0.2545126585319111	-10.653083469038158	C17H14O6	[M + H]+	GPQLHGCIAUEJQK	InChI=1S/C17H14O6/c1-21-10-5-3-9(4-6-10)13-7-11(18)15-14(23-13)8-12(19)17(22-2)16(15)20/h3-8,19-20H,1-2H3	Oprea1_140721	COC1=CC=C(C=C1)C2=CC(=O)C3=C(O2)C=C(C(=C3O)OC)O	2.63160825	5320438	HMDB:(128589);SuperNatural:(SN00013640);ZINC bio:(ZINC05733553);additional;MeSH:(5320438);PubMed;NORMAN:(NS00032401);COCONUT:(CNP0400723 CNP0418026);KNApSAcK:(3838);Natural Products:(UNPD119239);PubChem:(5320438);CHEBI:(81336);PubChem class - bio and metabolites;KEGG:(C17784);Training Set;Biocyc:(CPD-15478)	20769150
2	1	N/A	-21.897889799994452	C17H14O6	[M + H]+	ZIIAJIWLQUVGHB	InChI=1S/C17H14O6/c1-21-14-8-13-15(16(20)17(14)22-2)11(19)7-12(23-13)9-3-5-10(18)6-4-9/h3-8,18,20H,1-2H3	Skrofulein	COC1=C(C(=C2C(=C1)OC(=CC2=O)C3=CC=C(C=C3)O)O)OC	2.63160825	188323	SuperNatural:(SN00001974);ZINC bio:(ZINC01081537);additional;MeSH:(188323);Plantcyc:(CPD-16765);PubMed;COCONUT:(CNP0115523 CNP0305413);KNApSAcK:(3837);Natural Products:(UNPD13561);PubChem:(188323);CHEBI:(81337);PubChem class - bio and metabolites;KEGG:(C17785);PubChem class - safety and toxic;Training Set;Biocyc:(CPD-16765)	87746934
3	1	N/A	-30.67639167199734	C17H14O6	[M + H]+	CLMKFQRTSXFKOA	InChI=1S/C17H14O6/c1-21-16-12(20)8-14-15(17(16)22-2)11(19)7-13(23-14)9-3-5-10(18)6-4-9/h3-8,18,20H,1-2H3	null	COC1=C(C2=C(C=C1O)OC(=CC2=O)C3=CC=C(C=C3)O)OC	2.63160825	71495665	HMDB:(128580);PubChem:(71495665);KEGG Mine;PubChem class - bio and metabolites	8606711818
4	1	N/A	-32.69124483198922	C17H14O6	[M + H]+	ZQVKYKFQZZFREA	InChI=1S/C17H14O6/c1-21-10-5-3-9(4-6-10)13-7-11(18)15-14(23-13)8-12(19)16(20)17(15)22-2/h3-8,19-20H,1-2H3	null	COC1=CC=C(C=C1)C2=CC(=O)C3=C(O2)C=C(C(=C3OC)O)O	2.4000001	71495664	HMDB:(128585);PubChem:(71495664);KEGG Mine;PubChem class - bio and metabolites	8606711818
5	1	N/A	-34.75981654983746	C17H14O6	[M + H]+	MRQSJFKGZKPPNM	InChI=1S/C17H14O6/c1-21-10-5-3-9(4-6-10)14-8-12(19)15-11(18)7-13(20)16(22-2)17(15)23-14/h3-8,18,20H,1-2H3	Bucegin	COC1=CC=C(C=C1)C2=CC(=O)C3=C(O2)C(=C(C=C3O)O)OC	3.0	14353377	COCONUT:(CNP0287822);KNApSAcK:(3853);Natural Products:(UNPD61633);PubChem:(14353377);SuperNatural:(SN00282720);PubMed	3178578
6	1	N/A	-37.427496996255385	C17H14O6	[M + H]+	UUQJTIHOVGMQIH	InChI=1S/C17H14O6/c1-21-10-5-3-9(4-6-10)12-7-11(18)15-13(23-12)8-14(22-2)16(19)17(15)20/h3-8,19-20H,1-2H3	ladanein	COC1=CC=C(C=C1)C2=CC(=O)C3=C(C(=C(C=C3O2)OC)O)O	2.63160825	3084066	COCONUT:(CNP0279844);KNApSAcK:(3839);Natural Products:(UNPD144370);PubChem:(3084066);SuperNatural:(SN00271160);PubChem class - bio and metabolites;MeSH:(3084066);Plantcyc:(CPD-15632);PubMed;Biocyc:(CPD-15632);KEGG Mine	8610023510
7	1	N/A	-43.65758401559731	C17H14O6	[M + H]+	AOAPCDXPLWGVGI	InChI=1S/C17H14O6/c1-8-5-9(3-4-10(8)18)13-6-11(19)15-14(23-13)7-12(20)17(22-2)16(15)21/h3-7,18,20-21H,1-2H3	null	CC1=C(C=CC(=C1)C2=CC(=O)C3=C(C(=C(C=C3O2)O)OC)O)O	2.7052567	""	COCONUT:(CNP0242093);Natural Products:(UNPD103144);KEGG Mine	8592064512
8	1	N/A	-43.88846481126771	C17H14O6	[M + H]+	WNIPXMMUMPJVNI	InChI=1S/C17H14O6/c1-21-11-8-10-12(14(19)17(11)22-2)13(18)15(20)16(23-10)9-6-4-3-5-7-9/h3-8,19-20H,1-2H3	3,5-Dihydroxy-6,7-dimethoxyflavone	COC1=C(C(=C2C(=C1)OC(=C(C2=O)O)C3=CC=CC=C3)O)OC	3.20000005	13291608	COCONUT:(CNP0257927);KNApSAcK:(4548);Natural Products:(UNPD133672);PubChem:(13291608);SuperNatural:(SN00374350)	3178514
9	1	N/A	-46.433315186825205	C17H14O6	[M + H]+	VOOFPOMXNLNEOF	InChI=1S/C17H14O6/c1-21-10-5-3-9(4-6-10)11-8-23-13-7-12(18)17(22-2)16(20)14(13)15(11)19/h3-8,18,20H,1-2H3	Irisolidone	COC1=CC=C(C=C1)C2=COC3=C(C2=O)C(=C(C(=C3)O)OC)O	3.0	5281781	HMDB:(132852);SuperNatural:(SN00014135);ZINC bio:(ZINC06484558);MeSH:(5281781);PubMed;COCONUT:(CNP0216326);KNApSAcK:(2540);Natural Products:(UNPD100517);PubChem:(5281781);CHEBI:(5972);PubChem class - bio and metabolites;KEGG:(C10471)	19964286
10	1	N/A	-46.91640000619133	C17H14O6	[M + H]+	RXSYNUMMIWXLLC	InChI=1S/C17H14O6/c1-21-16-13(19)12-10(18)8-11(9-6-4-3-5-7-9)23-15(12)14(20)17(16)22-2/h3-8,19-20H,1-2H3	5,8-Dihydroxy-6,7-dimethoxyflavone	COC1=C(C(=C2C(=C1O)C(=O)C=C(O2)C3=CC=CC=C3)O)OC	3.0	153441	COCONUT:(CNP0105313);KNApSAcK:(3829);Natural Products:(UNPD28262);PubChem:(153441);SuperNatural:(SN00157655)	3178514
11	1	N/A	-47.718457708592155	C17H14O6	[M + H]+	FTFPXINQVCVDEY	InChI=1S/C17H14O6/c1-21-14-8-12(20)15-11(19)7-13(23-17(15)16(14)22-2)9-3-5-10(18)6-4-9/h3-8,18,20H,1-2H3	Isoscutellarein 7,8-dimethyl ether	COC1=C(C2=C(C(=C1)O)C(=O)C=C(O2)C3=CC=C(C=C3)O)OC	2.63160825	14585506	COCONUT:(CNP0348783);HMDB:(30546);KNApSAcK:(3852);Natural Products:(UNPD153487);PubChem:(14585506);SuperNatural:(SN00230690);PubChem class - bio and metabolites;PubMed	19955802
12	1	N/A	-50.139111225828785	C17H14O6	[M + H]+	NFSSFGJGSUAWLF	InChI=1S/C17H14O6/c1-21-14-8-13-15(17(22-2)16(14)20)11(19)7-12(23-13)9-3-5-10(18)6-4-9/h3-8,18,20H,1-2H3	4'',6-Dihydroxy-5,7-dimethoxyflavone	COC1=C(C(=C2C(=C1)OC(=CC2=O)C3=CC=C(C=C3)O)OC)O	2.63160825	244386	COCONUT:(CNP0294709);PubChem:(244386);SuperNatural:(SN00214854);CHEBI:(79619);ZINC bio:(ZINC01685697);KEGG:(C15100);PubMed	3154274
13	1	N/A	-50.60504301235244	C17H14O6	[M + H]+	OVFDXRVXQRNNCT	InChI=1S/C17H14O6/c1-21-10-5-3-9(4-6-10)13-7-11(18)15-12(19)8-14(22-2)16(20)17(15)23-13/h3-8,19-20H,1-2H3	5,8-dihydroxy-7,4''-dimethoxyflavone	COC1=CC=C(C=C1)C2=CC(=O)C3=C(O2)C(=C(C=C3O)OC)O	3.0	15289454	COCONUT:(CNP0288585);KNApSAcK:(13303);Natural Products:(UNPD157836);PubChem:(15289454);SuperNatural:(SN00225073);KEGG Mine	8593113106
14	1	N/A	-52.66696668327068	C17H14O6	[M + H]+	JQVMODDCULNOHN	InChI=1S/C17H14O6/c1-21-16-10(18)8-11-12(17(16)22-2)13(19)14(20)15(23-11)9-6-4-3-5-7-9/h3-8,18,20H,1-2H3	3,7-Dihydroxy-5,6-dimethoxyflavone	COC1=C(C2=C(C=C1O)OC(=C(C2=O)O)C3=CC=CC=C3)OC	2.5999999	5385026	COCONUT:(CNP0261776);KNApSAcK:(4546);Natural Products:(UNPD42778);PubChem:(5385026);SuperNatural:(SN00254980)	3178514
15	1	N/A	-53.11120943386558	C17H14O6	[M + H]+	HVTJLUHYOBNEKD	InChI=1S/C17H14O6/c1-21-16-14(20)13(19)12-10(18)8-11(9-6-4-3-5-7-9)23-15(12)17(16)22-2/h3-8,19-20H,1-2H3	5,6-dihydroxy-7,8-dimethoxy-2-phenylchromen-4-one	COC1=C(C(=C2C(=O)C=C(OC2=C1OC)C3=CC=CC=C3)O)O	3.0	821356	COCONUT:(CNP0332406);Natural Products:(UNPD97689);PubChem:(821356);PubMed	2129986
16	1	N/A	-53.5370303425752	C17H14O6	[M + H]+	RVOWLPGDGHUGHV	InChI=1S/C17H14O6/c1-21-16-10(18)8-11-12(13(16)19)14(20)17(22-2)15(23-11)9-6-4-3-5-7-9/h3-8,18-19H,1-2H3	3-O-Methylalnusin	COC1=C(C2=C(C=C1O)OC(=C(C2=O)OC)C3=CC=CC=C3)O	3.20000005	5481646	COCONUT:(CNP0139773);KNApSAcK:(4544);Natural Products:(UNPD86518);PubChem:(5481646);SuperNatural:(SN00020992);ZINC bio:(ZINC14757287);additional;Training Set;PubMed	3727442
17	1	N/A	-55.18522120655004	C17H14O6	[M + H]+	RBVYFSLWUBLPMG	InChI=1S/C17H14O6/c1-21-16-13(19)12-10(18)8-11(9-6-4-3-5-7-9)23-15(12)17(22-2)14(16)20/h3-8,19-20H,1-2H3	5,7-Dihydroxy-6,8-dimethoxyflavone	COC1=C(C(=C2C(=C1O)C(=O)C=C(O2)C3=CC=CC=C3)OC)O	3.0	11609345	COCONUT:(CNP0323444);HMDB:(130666);Natural Products:(UNPD85405);PubChem:(11609345);SuperNatural:(SN00328084);ZINC bio:(ZINC14757486);PubChem class - bio and metabolites;PubMed	19963978
18	1	N/A	-55.95715399607939	C17H14O6	[M + H]+	CILMBWBPHLLNEH	InChI=1S/C17H14O6/c1-21-11-8-10(18)12-13(19)14(20)15(9-6-4-3-5-7-9)23-17(12)16(11)22-2/h3-8,18,20H,1-2H3	3,5-Dihydroxy-7,8-dimethoxyflavone	COC1=C(C2=C(C(=C1)O)C(=O)C(=C(O2)C3=CC=CC=C3)O)OC	3.20000005	5491798	COCONUT:(CNP0311082);HMDB:(30545);KNApSAcK:(4557);Natural Products:(UNPD185592);PubChem:(5491798);SuperNatural:(SN00385184);PubChem class - bio and metabolites;MeSH:(5491798);PubMed	19955806
19	1	N/A	-57.438608275431854	C17H14O6	[M + H]+	YHZJRFKTTMDPDF	InChI=1S/C17H14O6/c1-21-13-6-4-3-5-9(13)14-8-11(19)15-10(18)7-12(20)16(22-2)17(15)23-14/h3-8,18,20H,1-2H3	5,7-dihydroxy-8,2''-dimethoxyflavone	COC1=CC=CC=C1C2=CC(=O)C3=C(O2)C(=C(C=C3O)O)OC	3.0	13889021	COCONUT:(CNP0261741);KNApSAcK:(3846);Natural Products:(UNPD133377);PubChem:(13889021);SuperNatural:(SN00273135);PubMed	3178578
20	1	N/A	-58.04991275723129	C17H14O6	[M + H]+	RCQANQQZSQDORA	InChI=1S/C17H14O6/c1-8-3-5-9(6-4-8)16-15(21)13(19)12-11(23-16)7-10(18)17(22-2)14(12)20/h3-7,18,20-21H,1-2H3	null	CC1=CC=C(C=C1)C2=C(C(=O)C3=C(C(=C(C=C3O2)O)OC)O)O	2.6828835	""	COCONUT:(CNP0147482);Natural Products:(UNPD2818)	2129920
21	1	N/A	-58.90573235251937	C17H14O6	[M + H]+	JDKYUORVNMYEIK	InChI=1S/C17H14O6/c1-21-13-7-12-14(16(20)17(13)22-2)15(19)11(8-23-12)9-3-5-10(18)6-4-9/h3-8,18,20H,1-2H3	7-O-Methyltectorigenin	COC1=C(C(=C2C(=C1)OC=C(C2=O)C3=CC=C(C=C3)O)O)OC	3.0	5487785	COCONUT:(CNP0211440);KNApSAcK:(9463);Natural Products:(UNPD124824);PubChem:(5487785);SuperNatural:(SN00275075);CHEBI:(70033);PubMed;KEGG Mine	8593113202
22	1	N/A	-60.797003739491544	C17H14O6	[M + H]+	CZRGNFVQUYWGKP	InChI=1S/C17H14O6/c1-21-14-8-12(20)15-11(19)7-13(23-17(15)16(14)22-2)9-5-3-4-6-10(9)18/h3-8,18,20H,1-2H3	Ambap41060-16-6	COC1=C(C2=C(C(=C1)O)C(=O)C=C(O2)C3=CC=CC=C3O)OC	3.0	5320399	COCONUT:(CNP0255655);KNApSAcK:(3844);Natural Products:(UNPD96636);PubChem:(5320399);SuperNatural:(SN00156656);MeSH:(5320399);PubMed	3178582
23	1	N/A	-61.14065914726692	C17H14O6	[M + H]+	CEDINFOMXSQPIQ	InChI=1S/C17H14O6/c1-21-16-12-10(18)8-11(9-6-4-3-5-7-9)23-15(12)13(19)14(20)17(16)22-2/h3-8,19-20H,1-2H3	7,8-dihydroxy-5,6-dimethoxy-2-phenylchromen-4-one	COC1=C(C(=C(C2=C1C(=O)C=C(O2)C3=CC=CC=C3)O)O)OC	2.4000001	8016699	COCONUT:(CNP0348478);PubChem:(8016699);SuperNatural:(SN00076883);ZINC bio:(ZINC06624550);additional;Training Set;PubMed	3694658
24	1	N/A	-62.59764329373443	C17H14O6	[M + H]+	OABIUNRFCBFKTL	InChI=1S/C17H14O6/c1-21-10-5-3-9(4-6-10)11-8-23-17-14(15(11)20)12(18)7-13(19)16(17)22-2/h3-8,18-19H,1-2H3	null	COC1=CC=C(C=C1)C2=COC3=C(C2=O)C(=CC(=C3OC)O)O	3.0	15818932	COCONUT:(CNP0311641);KNApSAcK:(19307);Natural Products:(UNPD69761);PubChem:(15818932);SuperNatural:(SN00306077);PubMed	3178578
25	1	N/A	-65.67740755570384	C17H14O6	[M + H]+	OWQLBLNRUZULFV	InChI=1S/C17H14O6/c1-21-15-11(19)8-10(18)12-13(20)17(22-2)14(23-16(12)15)9-6-4-3-5-7-9/h3-8,18-19H,1-2H3	Gnaphaliin	COC1=C(C=C(C2=C1OC(=C(C2=O)OC)C3=CC=CC=C3)O)O	3.20000005	9972910	HMDB:(30544);SuperNatural:(SN00020993);ZINC bio:(ZINC14757320);additional;MeSH:(9972910);PubMed;COCONUT:(CNP0321697);KNApSAcK:(4556);Natural Products:(UNPD83098);PubChem:(9972910);PubChem class - bio and metabolites;Training Set	20504670
26	1	N/A	-66.3457997209691	C17H14O6	[M + H]+	AELVNGRVQZQCDD	InChI=1S/C17H14O6/c1-21-12-6-4-3-5-9(12)10-8-23-13-7-11(18)17(22-2)16(20)14(13)15(10)19/h3-8,18,20H,1-2H3	5,7-Dihydroxy-6,2''-dimethoxyisoflavone	COC1=CC=CC=C1C2=COC3=C(C2=O)C(=C(C(=C3)O)OC)O	3.0	5491794	COCONUT:(CNP0111857);KNApSAcK:(9825);Natural Products:(UNPD51686);PubChem:(5491794);SuperNatural:(SN00350296);PubMed	3178578
27	1	N/A	-67.08455440176495	C17H14O6	[M + H]+	HVYFRUIBILXVBU	InChI=1S/C17H14O6/c1-21-13-7-12-14(16(20)17(13)22-2)15(19)10(8-23-12)9-5-3-4-6-11(9)18/h3-8,18,20H,1-2H3	5-hydroxy-3-(2-hydroxyphenyl)-6,7-dimethoxychromen-4-one	COC1=C(C(=C2C(=C1)OC=C(C2=O)C3=CC=CC=C3O)O)OC	3.0	5491550	COCONUT:(CNP0155087);KNApSAcK:(46034);Natural Products:(UNPD97030);PubChem:(5491550);SuperNatural:(SN00241946);MeSH:(5491550);PubMed	3178582
28	1	N/A	-67.43598538272398	C17H14O6	[M + H]+	ROCUOVBWAWAQFD	InChI=1S/C17H14O6/c1-21-10-6-12(19)17-13(20)8-14(23-16(17)7-10)9-3-4-11(18)15(5-9)22-2/h3-8,18-19H,1-2H3	Velutin	COC1=CC(=C2C(=C1)OC(=CC2=O)C3=CC(=C(C=C3)O)OC)O	2.63160825	5464381	COCONUT:(CNP0092353 CNP0170380);KNApSAcK:(3867);Natural Products:(UNPD127333);PubChem:(5464381);SuperNatural:(SN00157532);additional;MeSH:(5464381);Training Set;PubMed;KEGG Mine	8593653846
29	1	N/A	-67.994597803482	C17H14O6	[M + H]+	KZBAXKKOXPLOBX	InChI=1S/C17H14O6/c1-21-10-5-3-9(4-6-10)17-16(20)15(19)14-12(18)7-11(22-2)8-13(14)23-17/h3-8,18,20H,1-2H3	Ambap15486-33-6	COC1=CC=C(C=C1)C2=C(C(=O)C3=C(C=C(C=C3O2)OC)O)O	2.60923505	5378823	SuperNatural:(SN00285151);ZINC bio:(ZINC05733531);Plantcyc:(CPD-14951);PubMed;NORMAN:(NS00025030);COCONUT:(CNP0240511);KNApSAcK:(4571);Natural Products:(UNPD39384);PubChem:(5378823);PubChem class - bio and metabolites;Biocyc:(CPD-14951);KEGG Mine	8610293842
30	1	N/A	-71.37388874392752	C17H14O6	[M + H]+	BDFXMYWHFMODCU	InChI=1S/C17H14O6/c1-21-12-6-4-3-5-9(12)13-7-10(18)15-11(19)8-14(22-2)16(20)17(15)23-13/h3-8,19-20H,1-2H3	null	COC1=CC=CC=C1C2=CC(=O)C3=C(O2)C(=C(C=C3O)OC)O	3.0	131675990	COCONUT:(CNP0129886);Natural Products:(UNPD207686);PubChem:(131675990)	2129922
31	1	N/A	-75.96252072927072	C17H14O6	[M + H]+	UDBHJDTXPDRDNS	InChI=1S/C17H14O6/c1-21-10-6-12(19)17-13(20)8-15(23-16(17)7-10)9-3-4-14(22-2)11(18)5-9/h3-8,18-19H,1-2H3	Pilloin	COC1=C(C=C(C=C1)C2=CC(=O)C3=C(C=C(C=C3O2)OC)O)O	2.63160825	5320496	COCONUT:(CNP0225627);KNApSAcK:(3868);Natural Products:(UNPD116576);PubChem:(5320496);SuperNatural:(SN00157703);PubMed;KEGG Mine	8593113170
32	1	N/A	-76.78389528722685	C17H14O6	[M + H]+	UZGCHIXIITWJAI	InChI=1S/C17H14O6/c1-21-13-7-12(19)14-15(20)11(8-23-17(14)16(13)22-2)9-3-5-10(18)6-4-9/h3-8,18-19H,1-2H3	null	COC1=C(C2=C(C(=C1)O)C(=O)C(=CO2)C3=CC=C(C=C3)O)OC	3.0	123261807	COCONUT:(CNP0230790);Natural Products:(UNPD198731);PubChem:(123261807);PubMed	2129986
33	1	N/A	-80.213125121489	C17H14O6	[M + H]+	AOLOMULCAJQEIG	InChI=1S/C17H14O6/c1-21-13-4-3-9(5-15(13)22-2)14-8-12(20)17-11(19)6-10(18)7-16(17)23-14/h3-8,18-19H,1-2H3	Kampferol-3,4''-dimethyl ether	COC1=C(C=C(C=C1)C2=CC(=O)C3=C(C=C(C=C3O2)O)O)OC	2.63160825	5351234	COCONUT:(CNP0184323);KNApSAcK:(3869);Natural Products:(UNPD16304);PubChem:(5351234);SuperNatural:(SN00365989);ZINC bio:(ZINC06018693);PubMed;KEGG Mine	8593121362
34	1	N/A	-80.31144386979184	C17H14O6	[M + H]+	ROUBTGBVCGLQRT	InChI=1S/C17H14O6/c1-21-11-8-10-12(14(19)13(11)18)15(20)17(22-2)16(23-10)9-6-4-3-5-7-9/h3-8,18-19H,1-2H3	5,6-Dihydroxy-3,7-dimethoxyflavone	COC1=C(C(=C2C(=C1)OC(=C(C2=O)OC)C3=CC=CC=C3)O)O	3.20000005	44259724	COCONUT:(CNP0120075);KNApSAcK:(4545);Natural Products:(UNPD44244);PubChem:(44259724);SuperNatural:(SN00332193);PubMed	3178578
35	1	N/A	-81.53557825915229	C17H14O6	[M + H]+	NKGJZNRUAGQIRY	InChI=1S/C17H14O6/c1-21-10-6-15(22-2)17-13(20)8-14(23-16(17)7-10)9-3-4-11(18)12(19)5-9/h3-8,18-19H,1-2H3	4H-1-Benzopyran-4-one, 2-(3,4-dihydroxyphenyl)-5,7-dimethoxy-	COC1=CC2=C(C(=C1)OC)C(=O)C=C(O2)C3=CC(=C(C=C3)O)O	2.63160825	13964548	COCONUT:(CNP0237211);Natural Products:(UNPD109101);PubChem:(13964548);SuperNatural:(SN00385258);PubMed	3178562
36	1	N/A	-83.52360261872258	C17H14O6	[M + H]+	FIERIMLAOJMXIK	InChI=1S/C17H14O6/c1-21-11-8-10(18)12-14(20)17(22-2)15(23-16(12)13(11)19)9-6-4-3-5-7-9/h3-8,18-19H,1-2H3	Isognaphaliin	COC1=C(C2=C(C(=C1)O)C(=O)C(=C(O2)C3=CC=CC=C3)OC)O	3.20000005	44259913	COCONUT:(CNP0421044);KNApSAcK:(4555);Natural Products:(UNPD165532);PubChem:(44259913);SuperNatural:(SN00229268)	3178514
37	1	N/A	-84.08306022167119	C17H14O6	[M + H]+	RJCJVIFSIXKSAH	InChI=1S/C17H14O6/c1-21-11-5-3-9(4-6-11)16-17(22-2)15(20)14-12(19)7-10(18)8-13(14)23-16/h3-8,18-19H,1-2H3	Ermanin	COC1=CC=C(C=C1)C2=C(C(=O)C3=C(C=C(C=C3O2)O)O)OC	2.60923505	5352001	SuperNatural:(SN00013638);ZINC bio:(ZINC05733537);MeSH:(5352001);Plantcyc:(CPD-14952);PubMed;NORMAN:(NS00026755);COCONUT:(CNP0253205);KNApSAcK:(4570);Natural Products:(UNPD108816);PubChem:(5352001);PubChem class - bio and metabolites;Biocyc:(CPD-14952);KEGG Mine	8610293846
38	1	N/A	-85.24279770773497	C17H14O6	[M + H]+	ZVZYZFDFFCRAPS	InChI=1S/C17H14O6/c1-21-13-7-12(19)14-15(20)10(8-23-17(14)16(13)22-2)9-5-3-4-6-11(9)18/h3-8,18-19H,1-2H3	5,2''-Dihydroxy-7,8-dimethoxyisoflavone	COC1=C(C2=C(C(=C1)O)C(=O)C(=CO2)C3=CC=CC=C3O)OC	3.0	14034287	COCONUT:(CNP0328175);KNApSAcK:(9865);Natural Products:(UNPD918);PubChem:(14034287);SuperNatural:(SN00398150)	3178514
39	1	N/A	-86.7910828133665	C17H14O6	[M + H]+	JDMXMMBASFOTIF	InChI=1S/C17H14O6/c1-21-14-5-9(3-4-11(14)19)13-8-12(20)17-15(22-2)6-10(18)7-16(17)23-13/h3-8,18-19H,1-2H3	Chrysoeriol 5-methyl ether	COC1=CC(=CC2=C1C(=O)C=C(O2)C3=CC(=C(C=C3)O)OC)O	2.63160825	13964549	COCONUT:(CNP0100742 CNP0247913);KNApSAcK:(3866);Natural Products:(UNPD112452);PubChem:(13964549);SuperNatural:(SN00158478);CHEBI:(69455);PubMed;KEGG Mine	8593113202
40	1	N/A	-87.14695377835343	C17H14O6	[M + H]+	KVSCSPAYYVSPTI	InChI=1S/C17H14O6/c1-21-13-7-12-14(17(22-2)16(13)20)15(19)11(8-23-12)9-3-5-10(18)6-4-9/h3-8,18,20H,1-2H3	Muningin	COC1=C(C(=C2C(=C1)OC=C(C2=O)C3=CC=C(C=C3)O)OC)O	2.4000001	252471	COCONUT:(CNP0328739);KNApSAcK:(9464);Natural Products:(UNPD86057);PubChem:(252471);SuperNatural:(SN00280216);PubMed	3178578
41	1	N/A	-87.17529167131514	C17H14O6	[M + H]+	SHSYFAIQGXUITD	InChI=1S/C17H14O6/c1-21-11-5-3-9(4-6-11)17-16(20)15(19)14-12(22-2)7-10(18)8-13(14)23-17/h3-8,18,20H,1-2H3	3,7-Dihydroxy-5,4''-dimethoxyflavone	COC1=CC=C(C=C1)C2=C(C(=O)C3=C(O2)C=C(C=C3OC)O)O	2.60923505	44259527	COCONUT:(CNP0279112);KNApSAcK:(13349);Natural Products:(UNPD149511);PubChem:(44259527);KEGG Mine	8592064530
42	1	N/A	-88.66340454281631	C17H14O6	[M + H]+	VEBYYFUMPFKKJB	InChI=1S/C17H14O6/c1-21-14-4-3-9(5-12(14)19)15-7-11(18)10-6-17(22-2)13(20)8-16(10)23-15/h3-8,19-20H,1-2H3	Abrectorin	COC1=C(C=C(C=C1)C2=CC(=O)C3=CC(=C(C=C3O2)O)OC)O	2.4000001	44257585	COCONUT:(CNP0326517);KNApSAcK:(3872);Natural Products:(UNPD10984);PubChem:(44257585);SuperNatural:(SN00279810)	3178514
43	1	N/A	-89.92971236927393	C17H14O6	[M + H]+	BPYMKJGMFYWQBI	InChI=1S/C17H14O6/c1-8-11(19)7-12-13(14(8)20)15(21)17(22-2)16(23-12)9-3-5-10(18)6-4-9/h3-7,18-20H,1-2H3	5,7,4''-Trihydroxy-3-methoxy-6-methylflavone	CC1=C(C2=C(C=C1O)OC(=C(C2=O)OC)C3=CC=C(C=C3)O)O	3.20000005	44259653	COCONUT:(CNP0333569);KNApSAcK:(4885);Natural Products:(UNPD39058);PubChem:(44259653);SuperNatural:(SN00341942);KEGG Mine	8593113106
44	1	N/A	-89.98620476228054	C17H14O6	[M + H]+	ONGSIZGYZVYYNI	InChI=1S/C17H14O6/c1-21-16-5-9(3-4-11(16)18)14-7-12(19)10-6-17(22-2)13(20)8-15(10)23-14/h3-8,18,20H,1-2H3	null	COC1=C(C=CC(=C1)C2=CC(=O)C3=CC(=C(C=C3O2)O)OC)O	2.63160825	""	COCONUT:(CNP0231479);Natural Products:(UNPD56622)	2129920
45	1	N/A	-93.52222943048616	C17H14O6	[M + H]+	IEWYZZQKRHHVND	InChI=1S/C17H14O6/c1-8-13(22-2)7-15-16(17(8)21)12(20)6-14(23-15)9-3-4-10(18)11(19)5-9/h3-7,18-19,21H,1-2H3	5,3'',4''-Trihydroxy-7-methoxy-6-methylflavone	CC1=C(C=C2C(=C1O)C(=O)C=C(O2)C3=CC(=C(C=C3)O)O)OC	3.0	10358252	COCONUT:(CNP0103454);KNApSAcK:(13389);Natural Products:(UNPD49298);PubChem:(10358252);SuperNatural:(SN00316772)	3178514
46	1	N/A	-94.878925787344	C17H14O6	[M + H]+	GFWSCNJQKANZQN	InChI=1S/C17H14O6/c1-21-14-7-11-12(19)8-13(9-3-5-10(18)6-4-9)23-16(11)15(20)17(14)22-2/h3-8,18,20H,1-2H3	null	COC1=C(C(=C2C(=C1)C(=O)C=C(O2)C3=CC=C(C=C3)O)O)OC	2.63160825	""	COCONUT:(CNP0195417);Natural Products:(UNPD124474)	2129920
47	1	N/A	-95.31761815991312	C17H14O6	[M + H]+	QRQBJVXKGOVPPF	InChI=1S/C17H14O6/c1-21-13-4-3-9(5-11(13)19)14-8-12(20)17-15(22-2)6-10(18)7-16(17)23-14/h3-8,18-19H,1-2H3	7,3''-Dihydroxy-5,4''-dimethoxyflavone	COC1=C(C=C(C=C1)C2=CC(=O)C3=C(O2)C=C(C=C3OC)O)O	2.63160825	13964547	COCONUT:(CNP0175081);KNApSAcK:(13311);Natural Products:(UNPD142581);PubChem:(13964547);SuperNatural:(SN00398907);PubMed;KEGG Mine	8593113170
48	1	N/A	-99.02812565482762	C17H14O6	[M + H]+	BJBUTJQYZDYRMJ	InChI=1S/C17H14O6/c1-21-11-7-12(19)14-13(8-11)23-16(17(22-2)15(14)20)9-3-5-10(18)6-4-9/h3-8,18-19H,1-2H3	Jaranol	COC1=CC(=C2C(=C1)OC(=C(C2=O)OC)C3=CC=C(C=C3)O)O	2.60923505	5318869	COCONUT:(CNP0277643 CNP0317021);KNApSAcK:(4569);Natural Products:(UNPD76879);PubChem:(5318869);SuperNatural:(SN00157529);PubMed;KEGG Mine	8593113170
49	1	N/A	-99.36985901015383	C17H14O6	[M + H]+	UVXOGFPTDCVNDC	InChI=1S/C17H14O6/c1-21-16-13(19)11-12(18)10(9-6-4-3-5-7-9)8-23-15(11)14(20)17(16)22-2/h3-8,19-20H,1-2H3	null	COC1=C(C(=C2C(=C1O)C(=O)C(=CO2)C3=CC=CC=C3)O)OC	3.0	10781526	COCONUT:(CNP0115433);Natural Products:(UNPD24217);PubChem:(10781526)	2129922
50	1	N/A	-99.65948091857284	C17H14O6	[M + H]+	KRIDIOAGUXDGIH	InChI=1S/C17H14O6/c1-21-14-7-11-13(8-12(14)19)23-16(17(22-2)15(11)20)9-3-5-10(18)6-4-9/h3-8,18-19H,1-2H3	7,4''-Dihydroxy-3,6-dimethoxyflavone	COC1=C(C=C2C(=C1)C(=O)C(=C(O2)C3=CC=C(C=C3)O)OC)O	2.5999999	12051258	PubChem:(12051258);KNApSAcK:(4574)	18
51	1	N/A	-100.43054564777482	C17H14O6	[M + H]+	YFIWRRATEOOANM	InChI=1S/C17H14O6/c1-8-11(18)10-13(20)14(21)15(9-6-4-3-5-7-9)23-16(10)17(22-2)12(8)19/h3-7,18-19,21H,1-2H3	Pityrogrammin	CC1=C(C2=C(C(=C1O)OC)OC(=C(C2=O)O)C3=CC=CC=C3)O	3.20000005	14583638	COCONUT:(CNP0225995);KNApSAcK:(4878);Natural Products:(UNPD133824);PubChem:(14583638);SuperNatural:(SN00282158)	3178514
52	1	N/A	-100.70900338106915	C17H14O6	[M + H]+	BYNYZQQDQIQLSO	InChI=1S/C17H14O6/c1-21-14-4-3-9(5-12(14)18)11-8-23-15-7-13(19)16(22-2)6-10(15)17(11)20/h3-8,18-19H,1-2H3	Odoratin	COC1=C(C=C(C=C1)C2=COC3=CC(=C(C=C3C2=O)OC)O)O	2.4000001	13965473	COCONUT:(CNP0170235);KNApSAcK:(9407);Natural Products:(UNPD132775);PubChem:(13965473);SuperNatural:(SN00037064);ZINC bio:(ZINC14759160);additional;MeSH:(13965473);Training Set;PubMed;KEGG Mine	8593662038
53	1	N/A	-100.87239003905222	C17H14O6	[M + H]+	ZDIBUWHZTNCSON	InChI=1S/C17H14O6/c1-21-16-6-10-12(19)7-14(23-15(10)8-17(16)22-2)9-3-4-11(18)13(20)5-9/h3-8,18,20H,1-2H3	null	COC1=C(C=C2C(=C1)C(=O)C=C(O2)C3=CC(=C(C=C3)O)O)OC	2.4000001	68024862	COCONUT:(CNP0422069);Natural Products:(UNPD155443);PubChem:(68024862)	2129922
54	1	N/A	-101.14057817695846	C17H14O6	[M + H]+	XFWVHODJBGMKRO	InChI=1S/C17H14O6/c1-21-11-3-9(4-12(7-11)22-2)15-8-14(20)17-13(19)5-10(18)6-16(17)23-15/h3-8,18-19H,1-2H3	null	COC1=CC(=CC(=C1)C2=CC(=O)C3=C(C=C(C=C3O2)O)O)OC	2.63160825	10881558	HMDB:(124866);PubChem:(10881558);PubMed;PubChem class - bio and metabolites	16777290
55	1	N/A	-101.60510259334139	C17H14O6	[M + H]+	XMCNEMKKAQGVGK	InChI=1S/C17H14O6/c1-21-12-7-11(19)8-13-14(12)15(20)17(22-2)16(23-13)9-3-5-10(18)6-4-9/h3-8,18-19H,1-2H3	Kaempferol 3,5-dimethyl ether	COC1=CC(=CC2=C1C(=O)C(=C(O2)C3=CC=C(C=C3)O)OC)O	2.5999999	10470863	COCONUT:(CNP0141535);KNApSAcK:(4568);Natural Products:(UNPD1198);PubChem:(10470863);SuperNatural:(SN00365907);PubMed;KEGG Mine	8593113170
56	1	N/A	-103.56533981978532	C17H14O6	[M + H]+	JSXUEXXHGHIYCK	InChI=1S/C17H14O6/c1-8-16(21)15-12(20)6-10(18)7-14(15)23-17(8)9-3-4-11(19)13(5-9)22-2/h3-7,18-20H,1-2H3	null	CC1=C(OC2=CC(=CC(=C2C1=O)O)O)C3=CC(=C(C=C3)O)OC	3.0	94163664	COCONUT:(CNP0070352);PubChem:(94163664);SuperNatural:(SN00034976);ZINC bio:(ZINC48056979);KEGG Mine	8593088514
57	1	N/A	-104.74963352623888	C17H14O6	[M + H]+	GNZBJYUXSRCHGD	InChI=1S/C17H14O6/c1-8-11(19)7-12(20)13-14(21)17(22-2)16(23-15(8)13)9-3-5-10(18)6-4-9/h3-7,18-20H,1-2H3	5,7-dihydroxy-2-(4-hydroxyphenyl)-3-methoxy-8-methylchromen-4-one	CC1=C2C(=C(C=C1O)O)C(=O)C(=C(O2)C3=CC=C(C=C3)O)OC	3.20000005	16079899	COCONUT:(CNP0253648);KNApSAcK:(32431);Natural Products:(UNPD52802);PubChem:(16079899);SuperNatural:(SN00323034);KEGG Mine	8593113106
58	1	N/A	-104.76139135096373	C17H14O6	[M + H]+	HJNLHRFLGKGWLI	InChI=1S/C17H14O6/c1-21-13-7-11-12(8-14(13)22-2)23-17(16(20)15(11)19)9-3-5-10(18)6-4-9/h3-8,18,20H,1-2H3	Hortensin	COC1=C(C=C2C(=C1)C(=O)C(=C(O2)C3=CC=C(C=C3)O)O)OC	2.5999999	129973	MeSH:(129973);PubChem:(129973);PubMed	70
59	1	N/A	-106.06289798067515	C17H14O6	[M + H]+	BSXFDHHTXOAUGB	InChI=1S/C17H14O6/c1-21-10-5-3-9(4-6-10)12-8-23-17-11(14(12)18)7-13(22-2)15(19)16(17)20/h3-8,19-20H,1-2H3	Dipteryxin	COC1=CC=C(C=C1)C2=COC3=C(C(=C(C=C3C2=O)OC)O)O	2.4000001	44257265	HMDB:(132851);SuperNatural:(SN00021002);ZINC bio:(ZINC14759301);additional;PubMed;COCONUT:(CNP0164111);KNApSAcK:(9409);Natural Products:(UNPD88457);PubChem:(44257265);PubChem class - bio and metabolites;Training Set;KEGG Mine	8610439258
60	1	N/A	-106.64047536821593	C17H14O6	[M + H]+	JQBKXMWRQXJFAU	InChI=1S/C17H14O6/c1-8-11(22-2)7-12-13(14(8)19)15(20)16(21)17(23-12)9-3-5-10(18)6-4-9/h3-7,18-19,21H,1-2H3	null	CC1=C(C=C2C(=C1O)C(=O)C(=C(O2)C3=CC=C(C=C3)O)O)OC	3.20000005	52937484	COCONUT:(CNP0174974);Natural Products:(UNPD206776);PubChem:(52937484);KEGG Mine	8592064514
61	1	N/A	-107.4986088122513	C17H14O6	[M + H]+	PDDVFFPFQMGXKN	InChI=1S/C17H14O6/c1-8-13(19)17(22-2)15(21)12-14(20)10(7-23-16(8)12)9-5-3-4-6-11(9)18/h3-7,18-19,21H,1-2H3	pisonianone	CC1=C(C(=C(C2=C1OC=C(C2=O)C3=CC=CC=C3O)O)OC)O	3.0	53354909	COCONUT:(CNP0192024);Natural Products:(UNPD201431);PubChem:(53354909);PubMed;CHEBI:(67366)	2130018
62	1	N/A	-108.818068528479	C17H14O6	[M + H]+	NMQZMHHAWZDJOJ	InChI=1S/C17H14O6/c1-21-10-6-13(19)16-15(7-10)23-8-11(17(16)20)9-3-4-12(18)14(5-9)22-2/h3-8,18-19H,1-2H3	7,3''-Dimethylorobol	COC1=CC(=C2C(=C1)OC=C(C2=O)C3=CC(=C(C=C3)O)OC)O	3.0	13845970	COCONUT:(CNP0210554);HMDB:(33989);KNApSAcK:(9847);Natural Products:(UNPD8267);PubChem:(13845970);SuperNatural:(SN00289530);PubChem class - bio and metabolites;PubMed;KEGG Mine	8609890394
63	1	N/A	-111.96861061740516	C17H14O6	[M + H]+	ZNUJOLBNNBAJGY	InChI=1S/C17H14O6/c1-7-15(21)8(2)17-14(16(7)22)12(20)6-13(23-17)9-3-4-10(18)11(19)5-9/h3-6,18-19,21-22H,1-2H3	null	CC1=C(C(=C2C(=C1O)C(=O)C=C(O2)C3=CC(=C(C=C3)O)O)C)O	3.0	91602704	COCONUT:(CNP0213899);Natural Products:(UNPD107673);PubChem:(91602704);PubMed	2129986
64	1	N/A	-113.66935419559557	C17H14O6	[M + H]+	RVLOIIGSNFSDSH	InChI=1S/C17H14O6/c1-8-11(18)10-12(19)13(20)16(9-6-4-3-5-7-9)23-17(10)14(21)15(8)22-2/h3-7,18,20-21H,1-2H3	3,5,8-Trihydroxy-7-methoxy-6-methylflavone	CC1=C(C2=C(C(=C1OC)O)OC(=C(C2=O)O)C3=CC=CC=C3)O	3.20000005	44259909	COCONUT:(CNP0223189);KNApSAcK:(4877);Natural Products:(UNPD6875);PubChem:(44259909);SuperNatural:(SN00347974)	3178514
65	1	N/A	-117.34460387502584	C17H14O6	[M + H]+	RWRYIBYHFCNKHK	InChI=1S/C17H14O6/c1-21-10-6-13(19)16-15(7-10)23-8-11(17(16)20)9-3-4-14(22-2)12(18)5-9/h3-8,18-19H,1-2H3	5,3''-Dihydroxy-7,4''-dimethoxyisoflavone	COC1=C(C=C(C=C1)C2=COC3=CC(=CC(=C3C2=O)O)OC)O	3.0	44257336	COCONUT:(CNP0305475);KNApSAcK:(9817);Natural Products:(UNPD62432);PubChem:(44257336);SuperNatural:(SN00259047);KEGG Mine	8593113106
66	1	N/A	-118.03770468527354	C17H14O6	[M + H]+	OVUWYCMZGIYNOR	InChI=1S/C17H14O6/c1-21-14-5-3-9(7-11(14)18)13-6-4-10-15(23-13)8-12(19)16(20)17(10)22-2/h3-8H,1-2H3,(H2-,18,19,20)/p+1	null	COC1=C(C=C(C=C1)C2=[O+]C3=C(C=C2)C(=C(C(=C3)O)O)OC)O	3.50498247	10663128	Natural Products:(UNPD78126);PubChem:(10663128);SuperNatural:(SN00291283);PubMed	1081410
67	1	N/A	-118.09537643397708	C17H14O6	[M + H]+	UWOCAPHKEVQLDY	InChI=1S/C17H14O6/c1-8-3-9(4-15(22-2)17(8)21)13-7-12(20)16-11(19)5-10(18)6-14(16)23-13/h3-7,18-19,21H,1-2H3	null	CC1=C(C(=CC(=C1)C2=CC(=O)C3=C(C=C(C=C3O2)O)O)OC)O	2.7052567	""	COCONUT:(CNP0050201 CNP0331114);SuperNatural:(SN00178212);KEGG Mine	8593080320
68	1	N/A	-118.62209524499563	C17H14O6	[M + H]+	KYIMZGURJQGTTK	InChI=1S/C17H14O6/c1-22-17-12(19)7-13-14(16(17)21)15(20)10(8-23-13)6-9-2-4-11(18)5-3-9/h2-5,7-8,18-19,21H,6H2,1H3	null	COC1=C(C2=C(C=C1O)OC=C(C2=O)CC3=CC=C(C=C3)O)O	2.49359012	""	COCONUT:(CNP0018863)	2097152
69	1	N/A	-119.07685806799472	C17H14O6	[M + H]+	JMWODXNORIMEMI	InChI=1S/C17H14O6/c1-8-3-4-9(5-11(8)18)17-16(21)15(20)14-12(19)6-10(22-2)7-13(14)23-17/h3-7,18-19,21H,1-2H3	null	CC1=C(C=C(C=C1)C2=C(C(=O)C3=C(C=C(C=C3O2)OC)O)O)O	2.6828835	""	COCONUT:(CNP0358445)	2097152
70	1	N/A	-120.68805181973565	C17H14O6	[M + H]+	PBKNXLAEBYZQIM	InChI=1S/C17H14O6/c1-7-12(19)8(2)16-11(13(7)20)14(21)15(22)17(23-16)9-3-5-10(18)6-4-9/h3-6,18-20,22H,1-2H3	null	CC1=C(C(=C2C(=C1O)C(=O)C(=C(O2)C3=CC=C(C=C3)O)O)C)O	3.20000005	91180308	COCONUT:(CNP0283372);Natural Products:(UNPD124922);PubChem:(91180308);PubMed	2129986
71	1	N/A	-121.09495465653256	C17H14O6	[M + H]+	IKAYSWHYIXUSTI	InChI=1S/C17H14O6/c1-21-16-12(19)10-8-11(18)13(20)17(22-2)15(10)23-14(16)9-6-4-3-5-7-9/h3-8,18,20H,1-2H3	null	COC1=C2C(=CC(=C1O)O)C(=O)C(=C(O2)C3=CC=CC=C3)OC	2.60923505	""	COCONUT:(CNP0317024);Natural Products:(UNPD81810)	2129920
72	1	N/A	-122.7786459120558	C17H14O6	[M + H]+	BTTNEDIXDIOSHP	InChI=1S/C17H14O6/c1-21-14-6-9(7-15(22-2)17(14)20)13-8-11(19)16-10(18)4-3-5-12(16)23-13/h3-8,18,20H,1-2H3	null	COC1=CC(=CC(=C1O)OC)C2=CC(=O)C3=C(C=CC=C3O2)O	3.0	15693659	HMDB:(140472);PubChem:(15693659);PubMed;PubChem class - bio and metabolites	16777290
73	1	N/A	-125.09892144483105	C17H14O6	[M + H]+	HCRLNUIDURQGLT	InChI=1S/C17H14O6/c1-8-12(22-2)7-11(19)13-14(20)15(21)17(23-16(8)13)9-3-5-10(18)6-4-9/h3-7,18-19,21H,1-2H3	3,5-dihydroxy-2-(4-hydroxyphenyl)-7-methoxy-8-methylchromen-4-one	CC1=C(C=C(C2=C1OC(=C(C2=O)O)C3=CC=C(C=C3)O)O)OC	3.20000005	16079898	COCONUT:(CNP0242451);KNApSAcK:(32430);Natural Products:(UNPD12912);PubChem:(16079898);SuperNatural:(SN00395161);KEGG Mine	8593113106
74	1	N/A	-125.29855270680903	C17H14O6	[M + H]+	CFIDZJHIHZZPGI	InChI=1S/C17H14O6/c1-21-15-5-9(3-4-12(15)18)11-8-23-14-7-16(22-2)13(19)6-10(14)17(11)20/h3-8,18-19H,1-2H3	null	COC1=C(C=CC(=C1)C2=COC3=CC(=C(C=C3C2=O)O)OC)O	2.4000001	42604752	HMDB:(130366);PubChem:(42604752);PubMed;KEGG Mine;PubChem class - bio and metabolites	8606711882
75	1	N/A	-125.68782185089303	C17H14O6	[M + H]+	BXOSIXISUBMZJP	InChI=1S/C17H14O6/c1-21-12-8-7-11-13(19)14(20)15(23-16(11)17(12)22-2)9-3-5-10(18)6-4-9/h3-8,18,20H,1-2H3	3,4''-Dihydroxy-7,8-dimethoxyflavone	COC1=C(C2=C(C=C1)C(=O)C(=C(O2)C3=CC=C(C=C3)O)O)OC	2.5999999	44258701	COCONUT:(CNP0318272);KNApSAcK:(4577);Natural Products:(UNPD78429);PubChem:(44258701);SuperNatural:(SN00384321)	3178514
76	1	N/A	-127.46938021962063	C17H14O6	[M + H]+	RHNVSRHYVGNPEO	InChI=1S/C17H14O6/c1-21-9-3-4-10(13(18)5-9)12-8-23-15-7-14(19)16(22-2)6-11(15)17(12)20/h3-8,18-19H,1-2H3	7,2''-Dihydroxy-6,4''-dimethoxyisoflavone	COC1=CC(=C(C=C1)C2=COC3=CC(=C(C=C3C2=O)OC)O)O	2.4000001	44257255	COCONUT:(CNP0194603);KNApSAcK:(9851);Natural Products:(UNPD141901);PubChem:(44257255);SuperNatural:(SN00328413);PubMed;KEGG Mine	8593113170
77	1	N/A	-127.53529542039986	C17H14O6	[M + H]+	LTSJJOKAWSCMBC	InChI=1S/C17H14O6/c1-21-12-6-3-9(7-14(12)22-2)17-16(20)15(19)11-5-4-10(18)8-13(11)23-17/h3-8,18,20H,1-2H3	fisetin 3''4''-dimethyl ether	COC1=C(C=C(C=C1)C2=C(C(=O)C3=C(O2)C=C(C=C3)O)O)OC	2.5999999	5378832	COCONUT:(CNP0068121);PubChem:(5378832);SuperNatural:(SN00003137);ZINC bio:(ZINC02566087);additional;Training Set;PubMed	3694658
78	1	N/A	-128.16590552359676	C17H14O6	[M + H]+	IFIXOQWXDOUKGO	InChI=1S/C17H14O6/c1-8-11(18)10-13(20)17(22-2)15(9-6-4-3-5-7-9)23-16(10)14(21)12(8)19/h3-7,18-19,21H,1-2H3	Platanin 3-methyl ether	CC1=C(C2=C(C(=C1O)O)OC(=C(C2=O)OC)C3=CC=CC=C3)O	3.20000005	44259908	COCONUT:(CNP0245675);KNApSAcK:(4876);Natural Products:(UNPD132424);PubChem:(44259908);SuperNatural:(SN00316889)	3178514
79	1	N/A	-128.8379024760187	C17H14O6	[M + H]+	ASPJBCKZFZMJSY	InChI=1S/C17H14O6/c1-21-13-5-9(3-4-12(13)19)11-8-23-15-7-10(18)6-14(22-2)16(15)17(11)20/h3-8,18-19H,1-2H3	null	COC1=CC(=CC2=C1C(=O)C(=CO2)C3=CC(=C(C=C3)O)OC)O	2.4000001	15223506	COCONUT:(CNP0247674);KNApSAcK:(19511);Natural Products:(UNPD39131);PubChem:(15223506);SuperNatural:(SN00400641)	3178514
80	1	N/A	-129.03166237663962	C17H14O6	[M + H]+	FFQUCBRHHMKGND	InChI=1S/C17H14O6/c1-21-9-3-4-11(13(18)5-9)12-8-23-15-7-10(22-2)6-14(19)16(15)17(12)20/h3-8,18-19H,1-2H3	null	COC1=CC(=C(C=C1)C2=COC3=CC(=CC(=C3C2=O)O)OC)O	3.0	53796934	COCONUT:(CNP0243104);HMDB:(37917);Natural Products:(UNPD158969);PubChem:(53796934);SuperNatural:(SN00228763);PubChem class - bio and metabolites;KEGG Mine	8609890314
81	1	N/A	-129.9488901663844	C17H14O6	[M + H]+	CNQCWTAVRQFJHQ	InChI=1S/C17H14O6/c1-21-13-6-5-11(17(22-2)16(13)20)15-8-12(19)10-4-3-9(18)7-14(10)23-15/h3-8,18,20H,1-2H3	null	COC1=C(C(=C(C=C1)C2=CC(=O)C3=C(O2)C=C(C=C3)O)OC)O	2.63160825	131837258	HMDB:(133335);PubChem:(131837258);PubChem class - bio and metabolites	16777226
82	1	N/A	-130.16357132451466	C17H14O6	[M + H]+	BUWDKAOCACVEON	InChI=1S/C17H14O6/c1-8-7-11(19)13(20)12-14(21)17(22-2)16(23-15(8)12)9-3-5-10(18)6-4-9/h3-7,18-20H,1-2H3	Sylpin	CC1=CC(=C(C2=C1OC(=C(C2=O)OC)C3=CC=C(C=C3)O)O)O	3.20000005	44258710	COCONUT:(CNP0255578);HMDB:(37243);KNApSAcK:(4888);Natural Products:(UNPD24121);PubChem:(44258710);SuperNatural:(SN00319482);PubChem class - bio and metabolites	19955738
83	1	N/A	-133.87633076861212	C17H14O6	[M + H]+	KRJPWSDKKBLTLE	InChI=1S/C17H14O6/c1-21-13-4-3-9(5-14(13)22-2)11-8-23-15-7-10(18)6-12(19)16(15)17(11)20/h3-8,18-19H,1-2H3	3''-O-Methylpratensein	COC1=C(C=C(C=C1)C2=COC3=CC(=CC(=C3C2=O)O)O)OC	3.0	5408543	COCONUT:(CNP0329631);KNApSAcK:(9816);Natural Products:(UNPD149255);PubChem:(5408543);SuperNatural:(SN00076097);ZINC bio:(ZINC06556076);PubMed;KEGG Mine	8593121362
84	1	N/A	-138.15787031535837	C17H14O6	[M + H]+	VVGAWJLGUUHMSG	InChI=1S/C17H14O6/c1-21-13-6-5-12-15(17(13)20)16(19)10(8-23-12)9-3-4-11(18)14(7-9)22-2/h3-8,18,20H,1-2H3	null	COC1=C(C2=C(C=C1)OC=C(C2=O)C3=CC(=C(C=C3)O)OC)O	2.45410609	""	COCONUT:(CNP0383380);Natural Products:(UNPD83561)	2129920
85	1	N/A	-139.57409834980106	C17H14O6	[M + H]+	UYOJEKMKWXYOEQ	InChI=1S/C17H14O6/c1-21-15-6-11(13(19)7-16(15)22-2)12-8-23-14-5-9(18)3-4-10(14)17(12)20/h3-8,18-19H,1-2H3	2'',7-Dihydroxy-4'',5''-dimethoxyisoflavone	COC1=C(C=C(C(=C1)C2=COC3=C(C2=O)C=CC(=C3)O)O)OC	2.4000001	5316763	COCONUT:(CNP0098940 CNP0298850);HMDB:(41644);KNApSAcK:(19288);Natural Products:(UNPD5467);PubChem:(5316763);SuperNatural:(SN00159145);PubChem class - bio and metabolites;Plantcyc:(CPD-9531);PubMed;Biocyc:(CPD-9531);KEGG Mine	8610023514
86	1	N/A	-139.6162403799915	C17H14O6	[M + H]+	ZZBIVTIKNWOQOF	InChI=1S/C17H14O6/c1-21-9-3-4-10(14(19)7-9)12-8-23-16-11(15(12)20)5-6-13(18)17(16)22-2/h3-8,18-19H,1-2H3	null	COC1=CC(=C(C=C1)C2=COC3=C(C2=O)C=CC(=C3OC)O)O	2.4000001	129891972	COCONUT:(CNP0124074);Natural Products:(UNPD104231);PubChem:(129891972);SuperNatural:(SN00244911)	3178498
87	1	N/A	-142.33492640564057	C17H14O6	[M + H]+	XXEUWYHBDLDZDQ	InChI=1S/C17H14O6/c1-8-12(18)4-3-10(16(8)20)11-7-23-14-6-9(22-2)5-13(19)15(14)17(11)21/h3-7,18-20H,1-2H3	null	CC1=C(C=CC(=C1O)C2=COC3=CC(=CC(=C3C2=O)O)OC)O	3.0	11358922	COCONUT:(CNP0283254);Natural Products:(UNPD131567);PubChem:(11358922);SuperNatural:(SN00360601);PubMed;KEGG Mine	8593113154
88	1	N/A	-144.14762370993859	C17H14O6	[M + H]+	YYWSNCLFZSMGCM	InChI=1S/C17H14O6/c1-21-14-6-3-9(7-13(14)19)11-8-23-16-10(15(11)20)4-5-12(18)17(16)22-2/h3-8,18-19H,1-2H3	3''-Hydroxy-8-O-methylretusin	COC1=C(C=C(C=C1)C2=COC3=C(C2=O)C=CC(=C3OC)O)O	2.4000001	44257262	COCONUT:(CNP0268886);HMDB:(37918);KNApSAcK:(9408);Natural Products:(UNPD142185);PubChem:(44257262);SuperNatural:(SN00037065);ZINC bio:(ZINC14759216);PubChem class - bio and metabolites;PubMed	19963994
89	1	N/A	-145.8912884879395	C17H14O6	[M + H]+	LIDYTURQQDTANE	InChI=1S/C17H14O6/c1-21-13-6-4-10-15(19)11(8-23-17(10)16(13)20)9-3-5-12(18)14(7-9)22-2/h3-8,18,20H,1-2H3	null	COC1=C(C2=C(C=C1)C(=O)C(=CO2)C3=CC(=C(C=C3)O)OC)O	2.4000001	42605112	HMDB:(130390);PubChem:(42605112);PubMed;KEGG Mine;PubChem class - bio and metabolites	8606711882
90	1	N/A	-146.2952046260363	C17H14O6	[M + H]+	YUJPVHPOLZJUES	InChI=1S/C17H14O6/c1-21-13-5-9(18)3-4-11(13)12-8-23-15-7-10(19)6-14(22-2)16(15)17(12)20/h3-8,18-19H,1-2H3	null	COC1=CC(=CC2=C1C(=O)C(=CO2)C3=C(C=C(C=C3)O)OC)O	2.4000001	131750846	COCONUT:(CNP0354715);HMDB:(29307);PubChem:(131750846);PubChem class - bio and metabolites	18874378
91	1	N/A	-148.2967307195218	C17H14O6	[M + H]+	WPOSILCDEOOIDV	InChI=1S/C17H14O6/c1-21-10-6-13(19)16-15(7-10)23-8-12(17(16)20)11-4-3-9(18)5-14(11)22-2/h3-8,18-19H,1-2H3	null	COC1=CC(=C2C(=C1)OC=C(C2=O)C3=C(C=C(C=C3)O)OC)O	3.0	11415763	COCONUT:(CNP0195181);Natural Products:(UNPD127465);PubChem:(11415763);PubMed;KEGG Mine	8592064578
92	1	N/A	-148.61483864131105	C17H14O6	[M + H]+	UDPWTADYMOHCIH	InChI=1S/C17H14O6/c1-21-15-5-9(6-16(22-2)17(15)20)13-8-12(19)11-4-3-10(18)7-14(11)23-13/h3-8,18,20H,1-2H3	null	COC1=CC(=CC(=C1O)OC)C2=CC(=O)C3=C(O2)C=C(C=C3)O	2.63160825	15693661	HMDB:(140452);PubChem:(15693661);PubMed;PubChem class - bio and metabolites	16777290
93	1	N/A	-152.12292260416862	C17H14O6	[M + H]+	GNONHFYAESLOCB	InChI=1S/C17H14O6/c1-21-10-6-13(19)11-8-14(20)17(23-15(11)7-10)9-3-4-12(18)16(5-9)22-2/h3-8H,1-2H3,(H2-,18,19,20)/p+1	Rosinidin	COC1=CC(=C2C=C(C(=[O+]C2=C1)C3=CC(=C(C=C3)O)OC)O)O	3.50498247	441777	COCONUT:(CNP0085020);KNApSAcK:(6615);Natural Products:(UNPD149682);PubChem:(441777);SuperNatural:(SN00230156);CHEBI:(8893);KEGG:(C08729);PubMed;Biocyc:(CPD-15053)	3180914
94	1	N/A	-153.02934314574898	C17H14O6	[M + H]+	PBUHDEMRGWYORH	InChI=1S/C17H14O6/c1-21-10-3-4-11(14(7-10)22-2)12-8-23-15-6-9(18)5-13(19)16(15)17(12)20/h3-8,18-19H,1-2H3	2''-methoxybiochanin A	COC1=CC(=C(C=C1)C2=COC3=CC(=CC(=C3C2=O)O)O)OC	3.0	44257324	COCONUT:(CNP0414976);KNApSAcK:(9462);Natural Products:(UNPD102774);PubChem:(44257324);SuperNatural:(SN00266633);PubMed;KEGG Mine	8593113170
95	1	N/A	-154.10274368774762	C17H14O6	[M + H]+	NBYYPWKEQRNADF	InChI=1S/C17H14O6/c1-21-13-6-5-10(16(20)17(13)22-2)12-8-23-14-7-9(18)3-4-11(14)15(12)19/h3-8,18,20H,1-2H3	7-hydroxy-3-(2-hydroxy-3,4-dimethoxyphenyl)chromen-4-one	COC1=C(C(=C(C=C1)C2=COC3=C(C2=O)C=CC(=C3)O)O)OC	2.4000001	5359024	COCONUT:(CNP0156953);Natural Products:(UNPD190225);PubChem:(5359024);SuperNatural:(SN00247482)	3178498
96	1	N/A	-155.43707769032162	C17H14O6	[M + H]+	WDHLJEOPUWGKKG	InChI=1S/C17H14O6/c1-21-13-6-5-10(17(22-2)16(13)20)12-8-23-14-7-9(18)3-4-11(14)15(12)19/h3-8,18,20H,1-2H3	khrinone E	COC1=C(C(=C(C=C1)C2=COC3=C(C2=O)C=CC(=C3)O)OC)O	2.4000001	6710647	COCONUT:(CNP0318870);KNApSAcK:(47950);Natural Products:(UNPD793);PubChem:(6710647);SuperNatural:(SN00220543);CHEBI:(107658);PubMed	3178610
97	1	N/A	-156.70111478231647	C17H14O6	[M + H]+	LYHSAERJBILTLN	InChI=1S/C17H14O6/c1-21-13-7-12-11(9-3-5-10(18)6-4-9)8-14(19)23-16(12)17(22-2)15(13)20/h3-8,18,20H,1-2H3	null	COC1=C(C(=C2C(=C1)C(=CC(=O)O2)C3=CC=C(C=C3)O)OC)O	2.29999995	46856032	COCONUT:(CNP0270219);Natural Products:(UNPD181584);PubChem:(46856032);SuperNatural:(SN00284179)	3178498
98	1	N/A	-158.24487928674336	C17H14O6	[M + H]+	PXSVDMHMINDZHY	InChI=1S/C17H14O6/c1-21-13-7-9(18)3-5-11(13)15-16(22-2)12-6-4-10(19)8-14(12)23-17(15)20/h3-8,18-19H,1-2H3	null	COC1=C(C=CC(=C1)O)C2=C(C3=C(C=C(C=C3)O)OC2=O)OC	2.63211608	""	COCONUT:(CNP0246007)	2097152
99	1	N/A	-160.53611722751828	C17H14O6	[M + H]+	KILWWFPDYZRTJI	InChI=1S/C17H14O6/c1-21-13-6-3-9(7-14(13)22-2)11-8-23-17-10(15(11)19)4-5-12(18)16(17)20/h3-8,18,20H,1-2H3	4H-1-Benzopyran-4-one, 3-(3,4-dimethoxyphenyl)-7,8-dihydroxy-	COC1=C(C=C(C=C1)C2=COC3=C(C2=O)C=CC(=C3O)O)OC	2.4000001	13939417	COCONUT:(CNP0296786);Natural Products:(UNPD52394);PubChem:(13939417);PubMed	2129986
100	1	N/A	-161.59690127160798	C17H14O6	[M + H]+	SKVDVYIZINFQQM	InChI=1S/C17H14O6/c1-21-10-6-14(22-2)16-15(7-10)23-8-12(17(16)20)11-4-3-9(18)5-13(11)19/h3-8,18-19H,1-2H3	2'',4''-Dihydroxy-5,7-dimethoxyisoflavone	COC1=CC2=C(C(=C1)OC)C(=O)C(=CO2)C3=C(C=C(C=C3)O)O	2.4000001	14756217	COCONUT:(CNP0177257);KNApSAcK:(9846);Natural Products:(UNPD166966);PubChem:(14756217);SuperNatural:(SN00305525);KEGG Mine	8593113106
101	1	N/A	-162.8541100476561	C17H14O6	[M + H]+	XZOXEPMJIGHPMG	InChI=1S/C17H14O6/c1-21-14-4-3-9(5-12(14)18)10-7-17(20)23-15-8-16(22-2)13(19)6-11(10)15/h3-8,18-19H,1-2H3	Melannein	COC1=C(C=C(C=C1)C2=CC(=O)OC3=CC(=C(C=C23)O)OC)O	2.29999995	15560441	COCONUT:(CNP0292366);KNApSAcK:(10202);Natural Products:(UNPD29874);PubChem:(15560441);SuperNatural:(SN00243353);CHEBI:(67395);PubMed	3178610
102	1	N/A	-165.51748966115193	C17H14O6	[M + H]+	LRMDFKGVTUNYSD	InChI=1S/C17H14O6/c1-21-11-4-9(3-10(18)5-11)13-8-23-15-7-14(19)16(22-2)6-12(15)17(13)20/h3-8,18-19H,1-2H3	null	COC1=CC(=CC(=C1)O)C2=COC3=CC(=C(C=C3C2=O)OC)O	2.4000001	16743458	COCONUT:(CNP0248581);Natural Products:(UNPD110549);PubChem:(16743458);SuperNatural:(SN00396861)	3178498
103	1	N/A	-165.60568706197267	C17H14O6	[M + H]+	RWSMGEUAEMTDMR	InChI=1S/C17H14O6/c1-21-15-7-11(13(19)8-16(15)22-2)12-5-9-3-4-10(18)6-14(9)23-17(12)20/h3-8,18-19H,1-2H3	null	COC1=C(C=C(C(=C1)C2=CC3=C(C=C(C=C3)O)OC2=O)O)OC	2.79999995	137645975	COCONUT:(CNP0365702);Natural Products:(UNPD149277);PubChem:(137645975);SuperNatural:(SN00242718)	3178498
104	1	N/A	-175.3075566530924	C17H14O6	[M + H]+	MMJVMCYKOLNSBU	InChI=1S/C17H14O6/c1-7-4-8-12(10(5-7)22-2)17(21)13-9(18)6-11(23-3)16(20)14(13)15(8)19/h4-6,18,20H,1-3H3	ACMC-20mzrb	CC1=CC2=C(C(=C1)OC)C(=O)C3=C(C2=O)C(=C(C=C3O)OC)O	3.5999999	71343342	COCONUT:(CNP0346843);Natural Products:(UNPD161890);PubChem:(71343342);SuperNatural:(SN00362972)	3178498
105	1	N/A	-176.41208307051275	C17H14O6	[M + H]+	XDTGAFQFIBJVAK	InChI=1S/C17H14O6/c1-21-10-3-4-11-15(7-10)23-8-12(16(11)20)9-5-13(18)17(22-2)14(19)6-9/h3-8,18-19H,1-2H3	null	COC1=CC2=C(C=C1)C(=O)C(=CO2)C3=CC(=C(C(=C3)O)OC)O	2.4000001	25146917	COCONUT:(CNP0169427);Natural Products:(UNPD104306);PubChem:(25146917);SuperNatural:(SN00291962)	3178498
106	1	N/A	-178.07381857070527	C17H14O6	[M + H]+	HWUIYLCRDRBZIO	InChI=1S/C17H14O6/c1-2-22-10-4-5-11-14(8-10)23-17(16(21)15(11)20)9-3-6-12(18)13(19)7-9/h3-8,18-19,21H,2H2,1H3	ACMC-20mjla	CCOC1=CC2=C(C=C1)C(=O)C(=C(O2)C3=CC(=C(C=C3)O)O)O	2.70000005	13940734	COCONUT:(CNP0331210);KNApSAcK:(20216);Natural Products:(UNPD96023);PubChem:(13940734);SuperNatural:(SN00303358)	3178514
107	1	N/A	-178.5867104255585	C17H14O6	[M + H]+	QKJMWQMXQVPZBX	InChI=1S/C17H14O6/c1-21-12-6-3-9(7-14(12)22-2)15-16(19)11-5-4-10(18)8-13(11)23-17(15)20/h3-8,18-19H,1-2H3	3-(3,4-dimethoxyphenyl)-4,7-dihydroxychromen-2-one	COC1=C(C=C(C=C1)C2=C(C3=C(C=C(C=C3)O)OC2=O)O)OC	2.5	54710222	COCONUT:(CNP0357863);PubChem:(54710222);SuperNatural:(SN00084513);ZINC bio:(ZINC11764653)	3153922
108	1	N/A	-179.6693909544645	C17H14O6	[M + H]+	NMXLTAIWCAJDHP	InChI=1S/C17H14O6/c1-21-12-8-13(22-2)16(20)17-15(12)11(7-14(19)23-17)9-3-5-10(18)6-4-9/h3-8,18,20H,1-2H3	null	COC1=CC(=C(C2=C1C(=CC(=O)O2)C3=CC=C(C=C3)O)O)OC	2.29999995	9972911	COCONUT:(CNP0202764);Natural Products:(UNPD84135);PubChem:(9972911);SuperNatural:(SN00357456);PubMed	3178562
109	1	N/A	-179.74781819762393	C17H14O6	[M + H]+	KAAIDCFNSXASKK	InChI=1S/C17H14O6/c1-21-14-5-9(6-15(22-2)17(14)20)12-8-23-13-7-10(18)3-4-11(13)16(12)19/h3-8,18,20H,1-2H3	7-hydroxy-3-(4-hydroxy-3,5-dimethoxyphenyl)chromen-4-one	COC1=CC(=CC(=C1O)OC)C2=COC3=C(C2=O)C=CC(=C3)O	2.4000001	5323742	COCONUT:(CNP0250621);KNApSAcK:(19015);Natural Products:(UNPD131631);PubChem:(5323742);SuperNatural:(SN00372756);PubMed	3178578
110	1	N/A	-179.89377998909055	C17H14O6	[M + H]+	BOLVXGHMCAOUBH	InChI=1S/C17H14O6/c1-20-10-3-5-11(6-4-10)22-16-15(18)13-8-7-12(21-2)9-14(13)23-17(16)19/h3-9,18H,1-2H3	2-hydroxy-7-methoxy-3-(4-methoxyphenoxy)chromen-4-one	COC1=CC=C(C=C1)OC2=C(C3=C(C=C(C=C3)OC)OC2=O)O	3.0	54732321	COCONUT:(CNP0249321);PubChem:(54732321);SuperNatural:(SN00075564);ZINC bio:(ZINC05910962)	3153922
111	1	N/A	-188.46746805845044	C17H14O6	[M + H]+	LWWWNDVDXAKGAI	InChI=1S/C17H14O6/c1-7-11(23-3)6-9-13(14(7)18)17(21)12-8(15(9)19)4-5-10(22-2)16(12)20/h4-6,18,20H,1-3H3	1,8-dihydroxy-2-methy-3,7-dimethoxyanthraquinone	CC1=C(C=C2C(=C1O)C(=O)C3=C(C2=O)C=CC(=C3O)OC)OC	3.0	71594511	COCONUT:(CNP0285684);Natural Products:(UNPD59204);PubChem:(71594511);PubMed	2129986
112	1	N/A	-188.5749528167553	C17H14O6	[M + H]+	XFJIBWUKHVUGHD	InChI=1S/C17H14O6/c1-21-10-6-13(19)17-11(8-16(20)23-15(17)7-10)9-3-4-14(22-2)12(18)5-9/h3-8,18-19H,1-2H3	5,3''-Dihydroxy-7,4''-dimethoxy-4-phenylcoumarin	COC1=C(C=C(C=C1)C2=CC(=O)OC3=CC(=CC(=C23)O)OC)O	2.29999995	14159730	COCONUT:(CNP0291619);KNApSAcK:(10245);Natural Products:(UNPD160987);PubChem:(14159730);SuperNatural:(SN00352291);PubMed	3178578
113	1	N/A	-190.20126009977588	C17H14O6	[M + H]+	GBNXDRHBGSXEIS	InChI=1S/C17H14O6/c1-21-10-3-4-11-14(7-10)23-8-12(16(11)19)9-5-13(18)17(20)15(6-9)22-2/h3-8,18,20H,1-2H3	null	COC1=CC2=C(C=C1)C(=O)C(=CO2)C3=CC(=C(C(=C3)OC)O)O	2.4000001	131836614	HMDB:(130893);PubChem:(131836614);KEGG Mine;PubChem class - bio and metabolites	8606711818
114	1	N/A	-190.88872257885347	C17H14O6	[M + H]+	UKUQUIGVHDWZRU	InChI=1S/C17H14O6/c1-7-4-5-8-11(13(7)18)16(21)12-9(14(8)19)6-10(22-2)15(20)17(12)23-3/h4-6,18,20H,1-3H3	1,7-dihydroxy-6,8-dimethoxy-2-methylanthraquinone	CC1=C(C2=C(C=C1)C(=O)C3=CC(=C(C(=C3C2=O)OC)O)OC)O	3.0	25202491	COCONUT:(CNP0289413);Natural Products:(UNPD158657);PubChem:(25202491);SuperNatural:(SN00401308);PubChem class - bio and metabolites;Plantcyc:(CPD-9629);PubMed;Biocyc:(CPD-9629)	20088898
115	1	N/A	-192.27799605003864	C17H14O6	[M + H]+	IEZBRJAWYVAYOT	InChI=1S/C17H14O6/c1-7-4-5-8-11(13(7)18)15(20)9-6-10(22-2)16(21)17(23-3)12(9)14(8)19/h4-6,18,21H,1-3H3	null	CC1=C(C2=C(C=C1)C(=O)C3=C(C(=C(C=C3C2=O)OC)O)OC)O	3.0	10335762	COCONUT:(CNP0329805);Natural Products:(UNPD94033);PubChem:(10335762);SuperNatural:(SN00287666)	3178498
116	1	N/A	-192.68291560738126	C17H14O6	[M + H]+	WDACTVCJHNVGNV	InChI=1S/C17H14O6/c1-7-13(19)11-12(17(23-3)16(7)22-2)15(21)10-8(14(11)20)5-4-6-9(10)18/h4-6,18-19H,1-3H3	null	CC1=C(C2=C(C(=C1OC)OC)C(=O)C3=C(C2=O)C=CC=C3O)O	3.5999999	129882362	PubChem:(129882362);COCONUT:(CNP0282438)	2097154
117	1	N/A	-192.75273239174214	C17H14O6	[M + H]+	XEWRTZLESCLJSY	InChI=1S/C17H14O6/c1-7-4-8-12(9(18)5-7)16(21)13-10(19)6-11(22-2)17(23-3)14(13)15(8)20/h4-6,18-19H,1-3H3	ACMC-20lpbo	CC1=CC2=C(C(=C1)O)C(=O)C3=C(C2=O)C(=C(C=C3O)OC)OC	3.0	71325691	COCONUT:(CNP0134819);Natural Products:(UNPD132370);PubChem:(71325691);SuperNatural:(SN00283871)	3178498
118	1	N/A	-193.49354047925303	C17H14O6	[M + H]+	WRWXEWJZGBTCEB	InChI=1S/C17H14O6/c1-21-10-6-14(22-2)17-11(8-16(20)23-15(17)7-10)9-3-4-12(18)13(19)5-9/h3-8,18-19H,1-2H3	3'',4''-Dihydroxy-5,7-dimethoxy-4-phenylcoumarin	COC1=CC2=C(C(=CC(=O)O2)C3=CC(=C(C=C3)O)O)C(=C1)OC	2.29999995	44257552	COCONUT:(CNP0400427);KNApSAcK:(10204);Natural Products:(UNPD80760);PubChem:(44257552);SuperNatural:(SN00255217)	3178514
119	1	N/A	-194.46024521565502	C17H14O6	[M + H]+	KKLGXXIKRQSIID	InChI=1S/C17H14O6/c1-7-4-5-8-11(13(7)18)15(20)9-6-10(22-2)17(23-3)16(21)12(9)14(8)19/h4-6,18,21H,1-3H3	null	CC1=C(C2=C(C=C1)C(=O)C3=C(C(=C(C=C3C2=O)OC)OC)O)O	2.44506955	""	COCONUT:(CNP0260060);Natural Products:(UNPD38917);SuperNatural:(SN00226137)	3178496
120	1	N/A	-195.0764681866598	C17H14O6	[M + H]+	ISZGKWAWCDXIJR	InChI=1S/C17H14O6/c1-7-4-5-8-11(13(7)19)15(21)12-9(14(8)20)6-10(18)16(22-2)17(12)23-3/h4-6,18-19H,1-3H3	Rhynchotechol	CC1=C(C2=C(C=C1)C(=O)C3=CC(=C(C(=C3C2=O)OC)OC)O)O	3.0	125585	COCONUT:(CNP0150744);Natural Products:(UNPD70460);PubChem:(125585);SuperNatural:(SN00157786);MeSH:(125585);PubMed	3178566
121	1	N/A	-195.39743368062534	C17H14O6	[M + H]+	PRLWQGIPHXIGFR	InChI=1S/C17H14O6/c1-7-4-8-12(10(18)5-7)16(21)13-9(14(8)19)6-11(22-2)15(20)17(13)23-3/h4-6,18,20H,1-3H3	null	CC1=CC2=C(C(=C1)O)C(=O)C3=C(C(=C(C=C3C2=O)OC)O)OC	3.0	71437089	COCONUT:(CNP0189466);Natural Products:(UNPD173471);PubChem:(71437089);SuperNatural:(SN00377978)	3178498
122	1	N/A	-196.46574165784492	C17H14O6	[M + H]+	DSTAVZIYZCVUGN	InChI=1S/C17H14O6/c1-7-4-5-8-11(13(7)19)15(21)9-6-10(18)16(22-2)17(23-3)12(9)14(8)20/h4-6,18-19H,1-3H3	null	CC1=C(C2=C(C=C1)C(=O)C3=C(C(=C(C=C3C2=O)O)OC)OC)O	2.44506955	""	COCONUT:(CNP0342011)	2097152
123	1	N/A	-200.9835097114008	C17H14O6	[M + H]+	LVYFGKPAJPVCMM	InChI=1S/C17H14O6/c1-8-4-11(22-9(2)18)7-14-15(8)12-5-10(21-3)6-13(19)16(12)17(20)23-14/h4-7,19H,1-3H3	null	CC1=CC(=CC2=C1C3=C(C(=CC(=C3)OC)O)C(=O)O2)OC(=O)C	3.29999995	25129051	COCONUT:(CNP0148924);Natural Products:(UNPD182642);PubChem:(25129051)	2129922
124	1	N/A	-202.00028883337413	C17H14O6	[M + H]+	NZEDELHSHSQXBS	InChI=1S/C17H14O6/c1-7-4-8-12(10(5-7)22-2)16(20)13-9(14(8)18)6-11(23-3)15(19)17(13)21/h4-6,19,21H,1-3H3	null	CC1=CC2=C(C(=C1)OC)C(=O)C3=C(C(=C(C=C3C2=O)OC)O)O	3.0	15118834	COCONUT:(CNP0382236);Natural Products:(UNPD123734);PubChem:(15118834)	2129922
125	1	N/A	-202.9202747239125	C17H14O6	[M + H]+	VOOGUFRBMIWKBC	InChI=1S/C17H14O6/c1-21-15-5-9(6-16(22-2)17(15)20)14-8-12(19)11-7-10(18)3-4-13(11)23-14/h3-8,18,20H,1-2H3	null	COC1=CC(=CC(=C1O)OC)C2=CC(=O)C3=C(O2)C=CC(=C3)O	2.63160825	15693660	HMDB:(140459);PubChem:(15693660);PubMed;PubChem class - bio and metabolites	16777290
126	1	N/A	-203.43062442380028	C17H14O6	[M + H]+	DQVJBPZRWJRGJO	InChI=1S/C17H14O6/c1-7-4-10(18)13-14(15(7)19)17(21)9-6-12(23-3)11(22-2)5-8(9)16(13)20/h4-6,18-19H,1-3H3	robustaquinone B	CC1=CC(=C2C(=C1O)C(=O)C3=CC(=C(C=C3C2=O)OC)OC)O	3.5999999	25200882	COCONUT:(CNP0304175);Plantcyc:(CPD-9616);PubChem:(25200882);Biocyc:(CPD-9616);PubChem class - bio and metabolites	19007490
127	1	N/A	-207.27558038001493	C17H14O6	[M + H]+	XPCAYUFAARQBKK	InChI=1S/C17H14O6/c1-21-13-4-3-9(5-12(13)19)11-8-16(20)23-15-7-10(18)6-14(22-2)17(11)15/h3-8,18-19H,1-2H3	7,3''-Dihydroxy-5,4''-dimethoxy-4-phenylcoumarin	COC1=C(C=C(C=C1)C2=CC(=O)OC3=C2C(=CC(=C3)O)OC)O	2.29999995	10358251	COCONUT:(CNP0139804);KNApSAcK:(10243);Natural Products:(UNPD94769);PubChem:(10358251);SuperNatural:(SN00314325)	3178514
128	1	N/A	-209.81084457421866	C17H14O6	[M + H]+	ZGLVSLXZJONGPE	InChI=1S/C17H14O6/c1-9-7-13-15(17(20)22-9)12(8-14(18)19)16(23-13)10-3-5-11(21-2)6-4-10/h3-7H,8H2,1-2H3,(H,18,19)	null	CC1=CC2=C(C(=C(O2)C3=CC=C(C=C3)OC)CC(=O)O)C(=O)O1	3.06263208	""	COCONUT:(CNP0315402)	2097152
129	1	N/A	-212.0241911514259	C17H14O6	[M + H]+	VWFDBJAEKUQNOC	InChI=1S/C17H14O6/c1-7-4-5-8-12(16(7)22-2)14(20)9-6-10(18)17(23-3)15(21)11(9)13(8)19/h4-6,18,21H,1-3H3	null	CC1=C(C2=C(C=C1)C(=O)C3=C(C(=C(C=C3C2=O)O)OC)O)OC	2.44506955	""	COCONUT:(CNP0171254);Natural Products:(UNPD56546)	2129920
130	1	N/A	-212.17136055932895	C17H14O6	[M + H]+	SLDOOOYICLSPEH	InChI=1S/C17H14O6/c1-7-6-9-12(17(23-3)13(7)18)16(21)11-8(14(9)19)4-5-10(22-2)15(11)20/h4-6,18,20H,1-3H3	null	CC1=CC2=C(C(=C1O)OC)C(=O)C3=C(C2=O)C=CC(=C3O)OC	3.0	122196300	COCONUT:(CNP0257415);PubChem:(122196300);PubMed	2097218
131	1	N/A	-213.9205239983144	C17H14O6	[M + H]+	YKKRORBKPQKKQA	InChI=1S/C17H14O6/c1-8-3-11-12(19)6-10(18)7-14(11)23-17(8)9-4-13(20)16(21)15(5-9)22-2/h3-7H,1-2H3,(H3-,18,19,20,21)/p+1	null	CC1=C([O+]=C2C=C(C=C(C2=C1)O)O)C3=CC(=C(C(=C3)OC)O)O	3.57863092	""	SuperNatural:(SN00329992);Natural Products:(UNPD181327)	1081344
132	1	N/A	-214.37214580098424	C17H14O6	[M + H]+	GNDKMLNOKPZDHG	InChI=1S/C17H14O6/c1-21-15-10-11(16(22-2)17(23-3)14(15)20)13(19)9-7-5-4-6-8(9)12(10)18/h4-7,20H,1-3H3	null	COC1=C(C(=C(C2=C1C(=O)C3=CC=CC=C3C2=O)OC)OC)O	2.4000001	86109348	COCONUT:(CNP0175864);Natural Products:(UNPD55626);PubChem:(86109348);SuperNatural:(SN00336340)	3178498
133	1	N/A	-214.84782429740793	C17H14O6	[M + H]+	XUSPHMFWFNGRPP	InChI=1S/C17H14O6/c1-22-16-13(20)7-12(19)14-15(21)10(8-23-17(14)16)6-9-2-4-11(18)5-3-9/h2-7,18-20H,8H2,1H3	null	COC1=C(C=C(C2=C1OCC(=CC3=CC=C(C=C3)O)C2=O)O)O	2.79999995	122182396	COCONUT:(CNP0151513);Natural Products:(UNPD81398 UNPD215994);PubChem:(122182396);SuperNatural:(SN00282906);PubMed	3178562
134	1	N/A	-217.34952460827833	C17H14O6	[M + H]+	LYCLASMOMOWSCE	InChI=1S/C17H14O6/c1-6-7(2)15(20)13-12(14(6)19)16(21)9-4-8(23-3)5-10(18)11(9)17(13)22/h4-5,18-20H,1-3H3	Ventinone A	CC1=C(C(=C2C(=C1O)C(=O)C3=C(C2=O)C(=CC(=C3)OC)O)O)C	3.5999999	442767	COCONUT:(CNP0311941);KNApSAcK:(2867);Natural Products:(UNPD70145);PubChem:(442767);SuperNatural:(SN00389036);CHEBI:(9945);KEGG:(C10407)	3178802
135	1	N/A	-217.89921907878372	C17H14O6	[M + H]+	AKRPXZBUUJNOJV	InChI=1S/C17H14O6/c1-9(16(18)19)22-11-4-6-13-12-5-3-10(21-2)7-14(12)17(20)23-15(13)8-11/h3-9H,1-2H3,(H,18,19)	Oprea1_775759	CC(C(=O)O)OC1=CC2=C(C=C1)C3=C(C=C(C=C3)OC)C(=O)O2	3.0	704617;704619;2906441;5074308;7079334;7079335	COCONUT:(CNP0036939 CNP0370219);PubChem:(704617 704619 2906441 5074308 7079334 7079335);SuperNatural:(SN00069267 SN00069266);PubMed;ZINC bio:(ZINC04029654 ZINC04029655)	3153986
136	1	N/A	-217.9253808816098	C17H14O6	[M + H]+	NZPUXXIKEZSLPS	InChI=1S/C17H14O6/c1-9-7-13(18)17-16(22-9)12(8-14(19)20)15(23-17)10-3-5-11(21-2)6-4-10/h3-7H,8H2,1-2H3,(H,19,20)	null	CC1=CC(=O)C2=C(O1)C(=C(O2)C3=CC=C(C=C3)OC)CC(=O)O	2.4000001	135638762	PubChem:(135638762);COCONUT:(CNP0160877)	2097154
137	1	N/A	-218.92216628154733	C17H14O6	[M + H]+	ALFXRKPBCOIWEG	InChI=1S/C17H14O6/c1-7-4-10(18)13-14(15(7)19)17(21)12-9(16(13)20)5-8(22-2)6-11(12)23-3/h4-6,18-19H,1-3H3	null	CC1=CC(=C2C(=C1O)C(=O)C3=C(C=C(C=C3C2=O)OC)OC)O	2.44506955	""	COCONUT:(CNP0280021);Natural Products:(UNPD75500)	2129920
138	1	N/A	-218.95403071185484	C17H14O6	[M + H]+	ZPMUVYUNMBTMFO	InChI=1S/C17H14O6/c1-9-13(21-2)8-14-16(17(9)20)12(19)7-15(23-14)22-11-5-3-10(18)4-6-11/h3-8,18,20H,1-2H3	null	CC1=C(C=C2C(=C1O)C(=O)C=C(O2)OC3=CC=C(C=C3)O)OC	3.5	10615140	COCONUT:(CNP0291278);Natural Products:(UNPD53630);PubChem:(10615140);SuperNatural:(SN00284379)	3178498
139	1	N/A	-223.07903233168443	C17H14O6	[M + H]+	BYYHEIZPWMTNEH	InChI=1S/C17H14O6/c1-8-4-10(17(20)22-3)14-12(5-8)23-13-7-9(21-2)6-11(18)15(13)16(14)19/h4-7,18H,1-3H3	null	CC1=CC(=C2C(=C1)OC3=CC(=CC(=C3C2=O)O)OC)C(=O)OC	3.29999995	102191486	COCONUT:(CNP0117925);Natural Products:(UNPD227477);PubChem:(102191486)	2129922
140	1	N/A	-227.88227429179753	C17H14O6	[M + H]+	HUJAVTBSGOADPG	InChI=1S/C17H14O6/c1-7-13-10(6-12(19)17(7)23-3)15(20)9-4-8(22-2)5-11(18)14(9)16(13)21/h4-6,18-19H,1-3H3	null	CC1=C2C(=CC(=C1OC)O)C(=O)C3=C(C2=O)C(=CC(=C3)OC)O	2.44506955	""	COCONUT:(CNP0354852)	2097152
141	1	N/A	-228.78778949989146	C17H14O6	[M + H]+	XBKVYKNZOWKIBD	InChI=1S/C17H14O6/c1-22-17-12(19)7-13-14(16(17)21)15(20)10(8-23-13)6-9-2-4-11(18)5-3-9/h2-7,18-19,21H,8H2,1H3	3-(4-Hydroxybenzylidene)-5,7-dihydroxy-6-methoxychroman-4-on e	COC1=C(C2=C(C=C1O)OCC(=CC3=CC=C(C=C3)O)C2=O)O	2.79999995	404574;5472706	COCONUT:(CNP0103669);Natural Products:(UNPD228620 UNPD167738);PubChem:(404574 5472706);SuperNatural:(SN00312767)	3178498
142	1	N/A	-229.45778518885876	C17H14O6	[M + H]+	GFZFUVWXGQWUGX	InChI=1S/C17H14O6/c18-13-4-1-11(9-15(13)20)3-6-17(22)23-8-7-12-2-5-14(19)16(21)10-12/h1-10,18-21H	Nepetoidin B	C1=CC(=C(C=C1C=CC(=O)OC=CC2=CC(=C(C=C2)O)O)O)O	2.79999995	5316819;14353342;78384837;135035391	COCONUT:(CNP0267702);HMDB:(33146);KNApSAcK:(36175);Natural Products:(UNPD55075 UNPD136872 UNPD214222);PubChem:(5316819 14353342 78384837 135035391);SuperNatural:(SN00160172 SN00158210);PubChem class - bio and metabolites;MeSH:(5316819 78384837);PubMed	19955806
143	1	N/A	-230.3340081784799	C17H14O6	[M + H]+	MCQJOJXMLIXJGB	InChI=1S/C17H14O6/c1-21-8-6-10-13(12(7-8)23-3)17(20)14-9(15(10)18)4-5-11(22-2)16(14)19/h4-7,19H,1-3H3	null	COC1=C(C2=C(C=C1)C(=O)C3=C(C2=O)C(=CC(=C3)OC)OC)O	3.0	100959116	PubChem:(100959116);COCONUT:(CNP0353184)	2097154
144	1	N/A	-230.4853671864012	C17H14O6	[M + H]+	NIBUFVBDSYMAKU	InChI=1S/C17H14O6/c1-22-12-6-9-4-3-8-5-10(18)7-11(17(20)21)13(8)14(9)15(19)16(12)23-2/h3-7,18-19H,1-2H3,(H,20,21)	4-Phenanthrenecarboxylicacid, 2,5-dihydroxy-6,7-dimethoxy-	COC1=C(C(=C2C(=C1)C=CC3=CC(=CC(=C32)C(=O)O)O)O)OC	3.20000005	71355915	COCONUT:(CNP0218935);KNApSAcK:(34086);Natural Products:(UNPD172941);PubChem:(71355915);SuperNatural:(SN00226994)	3178514
145	1	N/A	-234.02022030693342	C17H14O6	[M + H]+	IOZZOJXKYOIYGA	InChI=1S/C17H14O6/c1-7-10(18)6-9-12(14(7)19)15(20)8-4-5-11(22-2)17(23-3)13(8)16(9)21/h4-6,18-19H,1-3H3	9,10-Anthracenedione, 1,3-dihydroxy-5,6-dimethoxy-2-methyl-	CC1=C(C=C2C(=C1O)C(=O)C3=C(C2=O)C(=C(C=C3)OC)OC)O	3.0	11652569	COCONUT:(CNP0174591);KNApSAcK:(31485);Natural Products:(UNPD106179);PubChem:(11652569);PubMed	2130002
146	1	N/A	-235.35135936891461	C17H14O6	[M + H]+	KLUDQWOJNQPPLB	InChI=1S/C17H14O6/c1-20-10-3-5-12-13-6-4-11(22-9-16(18)21-2)8-15(13)23-17(19)14(12)7-10/h3-8H,9H2,1-2H3	Oprea1_149799	COC1=CC2=C(C=C1)C3=C(C=C(C=C3)OCC(=O)OC)OC2=O	2.9000001	713553	COCONUT:(CNP0192381);PubChem:(713553);SuperNatural:(SN00043271);ZINC bio:(ZINC00107548)	3153922
147	1	N/A	-236.2599626031503	C17H14O6	[M + H]+	PEJZACWFQCJMDK	InChI=1S/C17H14O6/c1-2-21-11-3-5-12(6-4-11)23-15-9-22-14-8-10(18)7-13(19)16(14)17(15)20/h3-9,18-19H,2H2,1H3	Oprea1_835796	CCOC1=CC=C(C=C1)OC2=COC3=CC(=CC(=C3C2=O)O)O	3.5	5420812	COCONUT:(CNP0152064);PubChem:(5420812);SuperNatural:(SN00075536);ZINC bio:(ZINC05906622)	3153922
148	1	N/A	-241.47406101605986	C17H14O6	[M + H]+	FLSZNPRKDAAYOZ	InChI=1S/C17H14O6/c1-8-4-11(18)15-12(5-8)23-13-7-9(21-2)6-10(17(20)22-3)14(13)16(15)19/h4-7,18H,1-3H3	null	CC1=CC(=C2C(=C1)OC3=CC(=CC(=C3C2=O)C(=O)OC)OC)O	3.29999995	101122392	COCONUT:(CNP0386764);Natural Products:(UNPD28316);PubChem:(101122392)	2129922
149	1	N/A	-246.1255401936233	C17H14O6	[M + H]+	ILLNHMJYZGWGBU	InChI=1S/C17H14O6/c1-21-16-7-11(13(19)8-14(16)20)12(18)4-2-10-3-5-15-17(6-10)23-9-22-15/h2-8,19-20H,9H2,1H3	Prosogerin B	COC1=C(C=C(C(=C1)C(=O)C=CC2=CC3=C(C=C2)OCO3)O)O	3.29999995	42607554;74819197	COCONUT:(CNP0210526);KNApSAcK:(7028);Natural Products:(UNPD134698);PubChem:(42607554 74819197);SuperNatural:(SN00238173)	3178514
150	1	N/A	-249.25117466500387	C17H14O6	[M + H]+	FEPQYNZVPFDTIU	InChI=1S/C17H14O6/c1-22-12-6-11-13(17(23-2)16(12)21)15(20)10-5-8(7-18)3-4-9(10)14(11)19/h3-6,18,21H,7H2,1-2H3	null	COC1=C(C(=C2C(=C1)C(=O)C3=C(C2=O)C=C(C=C3)CO)OC)O	1.60000002	15118828	COCONUT:(CNP0108915);Natural Products:(UNPD37174);PubChem:(15118828)	2129922
151	1	N/A	-252.62646708612237	C17H14O6	[M + H]+	PULWRMOKQNWQBD	InChI=1S/C17H14O6/c18-13-6-2-10(9-15(13)20)1-5-12-11(4-8-16(21)22)3-7-14(19)17(12)23/h1-9,18-20,23H,(H,21,22)	salvianolic acid F	C1=CC(=C(C=C1C=CC2=C(C=CC(=C2O)O)C=CC(=O)O)O)O	2.70000005	10903113;11602092;54208832	COCONUT:(CNP0162248);KNApSAcK:(37776);Natural Products:(UNPD27178);PubChem:(10903113 11602092 54208832);SuperNatural:(SN00379273);PubMed;KEGG Mine	8593113170
152	1	N/A	-256.4014954028422	C17H14O6	[M + H]+	RVGZSUMTFIEORY	InChI=1S/C17H14O6/c1-20-8-4-12(19)16-13(5-8)22-7-10-15-11(18)3-9(21-2)6-14(15)23-17(10)16/h3-6,18-19H,7H2,1-2H3	3,9-dimethoxy-6H-[1]benzofuro[3,2-c]chromene-1,7-diol	COC1=CC(=C2C(=C1)OCC3=C2OC4=CC(=CC(=C34)O)OC)O	2.79999995	5316760	COCONUT:(CNP0269505);KNApSAcK:(19759);Natural Products:(UNPD96307);PubChem:(5316760);SuperNatural:(SN00384901)	3178514
153	1	N/A	-258.0560603518692	C17H14O6	[M + H]+	BMPSSKFVDNCMSZ	InChI=1S/C17H14O6/c1-9-4-3-5-11-16(20)15-12(18)6-10(22-8-14(19)21-2)7-13(15)23-17(9)11/h3-7,18H,8H2,1-2H3	methyl 2-(1-hydroxy-5-methyl-9-oxoxanthen-3-yl)oxyacetate	CC1=C2C(=CC=C1)C(=O)C3=C(C=C(C=C3O2)OCC(=O)OC)O	3.4000001	6236274	COCONUT:(CNP0390339);PubChem:(6236274);SuperNatural:(SN00073986);ZINC bio:(ZINC04090123)	3153922
154	1	N/A	-259.88101654047523	C17H14O6	[M + H]+	IWSHQLJFMWXSFJ	InChI=1S/C17H14O6/c1-21-11-7-12(18)16(14(8-11)22-2)15-6-10-5-9(17(19)20)3-4-13(10)23-15/h3-8,18H,1-2H3,(H,19,20)	null	COC1=CC(=C(C(=C1)OC)C2=CC3=C(O2)C=CC(=C3)C(=O)O)O	2.87343121	""	COCONUT:(CNP0127525);Natural Products:(UNPD221173)	2129920
155	1	N/A	-260.824653702994	C17H14O6	[M + H]+	FDKKYJDJQQWMEA	InChI=1S/C17H14O6/c1-21-13-8-14-17(23-9-22-14)16(20)15(13)12(19)7-4-10-2-5-11(18)6-3-10/h2-8,18,20H,9H2,1H3	4,2''-Dihydroxy-6''-methoxy-3'',4''-methylenedioxychalcone	COC1=C(C(=C2C(=C1)OCO2)O)C(=O)C=CC3=CC=C(C=C3)O	3.29999995	42607630;74819263	COCONUT:(CNP0263559);KNApSAcK:(7027);Natural Products:(UNPD37268);PubChem:(42607630 74819263);SuperNatural:(SN00345578)	3178514
156	1	N/A	-262.13522449595854	C17H14O6	[M + H]+	UEKLBPYQIQMELT	InChI=1S/C17H14O6/c1-20-11-5-3-2-4-9(11)12-6-10(18)15-13(23-12)7-14-17(16(15)19)22-8-21-14/h2-5,7,12,19H,6,8H2,1H3	null	COC1=CC=CC=C1C2CC(=O)C3=C(C4=C(C=C3O2)OCO4)O	2.9000001	131836616	HMDB:(131001);PubChem:(131836616);KEGG Mine;PubChem class - bio and metabolites	8606711818
157	1	N/A	-262.2222207476933	C17H14O6	[M + H]+	PPTDZXCZCGKZMU	InChI=1S/C17H14O6/c1-22-9-5-11-15(13(6-9)23-2)17(21)14-10(16(11)20)3-8(7-18)4-12(14)19/h3-6,18-19H,7H2,1-2H3	null	COC1=CC(=C2C(=C1)C(=O)C3=CC(=CC(=C3C2=O)O)CO)OC	1.92643309	""	COCONUT:(CNP0125267);Natural Products:(UNPD45772);SuperNatural:(SN00326463);KEGG Mine	8593113088
158	1	N/A	-262.552476771884	C17H14O6	[M + H]+	ZBJMNXXNKCWWHA	InChI=1S/C17H14O6/c1-8-4-10(18)14-12(5-8)23-13-7-9(17(20)22-3)6-11(21-2)15(13)16(14)19/h4-7,18H,1-3H3	null	CC1=CC(=C2C(=C1)OC3=C(C2=O)C(=CC(=C3)C(=O)OC)OC)O	3.29999995	72948691	COCONUT:(CNP0177312);Natural Products:(UNPD229609);PubChem:(72948691)	2129922
159	1	N/A	-264.56843956348024	C17H14O6	[M + H]+	KKHLOCIPXRSWKM	InChI=1S/C17H14O6/c1-22-7-8-3-4-9-12(14(8)19)15(20)10-5-6-11(18)17(23-2)13(10)16(9)21/h3-6,18-19H,7H2,1-2H3	9,10-Anthracenedione, 1,6-dihydroxy-5-methoxy-2-(methoxymethyl)-	COCC1=C(C2=C(C=C1)C(=O)C3=C(C2=O)C=CC(=C3OC)O)O	2.29999995	11674044	COCONUT:(CNP0266623);KNApSAcK:(29548);Natural Products:(UNPD3070);PubChem:(11674044);SuperNatural:(SN00314672);PubMed	3178578
160	1	N/A	-268.47172381206065	C17H14O6	[M + H]+	WKNWVJKZDOIMMV	InChI=1S/C17H14O6/c1-22-11-6-5-10-13(17(11)23-2)16(21)9-4-3-8(7-18)14(19)12(9)15(10)20/h3-6,18-19H,7H2,1-2H3	null	COC1=C(C2=C(C=C1)C(=O)C3=C(C2=O)C=CC(=C3O)CO)OC	1.92643309	""	COCONUT:(CNP0177246);Natural Products:(UNPD54118);SuperNatural:(SN00263487)	3178496
161	1	N/A	-268.59558488794255	C17H14O6	[M + H]+	BCXCAWUSZPWMDB	InChI=1S/C17H14O6/c1-20-17-15-11(19)6-12(9-4-2-3-5-10(9)18)23-13(15)7-14-16(17)22-8-21-14/h2-5,7,12,18H,6,8H2,1H3	null	COC1=C2C(=O)CC(OC2=CC3=C1OCO3)C4=CC=CC=C4O	2.29999995	131836617	HMDB:(131002);PubChem:(131836617);KEGG Mine;PubChem class - bio and metabolites	8606711818
162	1	N/A	-270.3177708204582	C17H14O6	[M + H]+	MNDDVNNUUPBREF	InChI=1S/C17H14O6/c1-2-21-15(19)9-22-10-7-12(18)16-14(8-10)23-13-6-4-3-5-11(13)17(16)20/h3-8,18H,2,9H2,1H3	ethyl 2-(1-hydroxy-9-oxoxanthen-3-yl)oxyacetate	CCOC(=O)COC1=CC(=C2C(=C1)OC3=CC=CC=C3C2=O)O	3.4000001	6216560	COCONUT:(CNP0227772);PubChem:(6216560);SuperNatural:(SN00077262);ZINC bio:(ZINC08476747)	3153922
163	1	N/A	-278.2155827160913	C17H14O6	[M + H]+	HAIUUMYSVZIMNY	InChI=1S/C17H14O6/c1-10-7-16(18)23-15-8-11(3-5-13(10)15)21-9-12-4-6-14(22-12)17(19)20-2/h3-8H,9H2,1-2H3	Oprea1_875424	CC1=CC(=O)OC2=C1C=CC(=C2)OCC3=CC=C(O3)C(=O)OC	2.5999999	808335	COCONUT:(CNP0267585);PubChem:(808335);PubMed	2097218
164	1	N/A	-280.8094877083168	C17H14O6	[M + H]+	HZEFXIWDWIWKPZ	InChI=1S/C17H14O6/c1-22-14-6-11(18)7-15-16(14)17(21)10(8-23-15)4-9-2-3-12(19)13(20)5-9/h2-7,18-20H,8H2,1H3	null	COC1=CC(=CC2=C1C(=O)C(=CC3=CC(=C(C=C3)O)O)CO2)O	2.20000005	14779759;129847677	COCONUT:(CNP0210239);Natural Products:(UNPD188057 UNPD157698);PubChem:(14779759 129847677);SuperNatural:(SN00287054 SN00338926)	3178498
165	1	N/A	-281.74252118065135	C17H14O6	[M + H]+	VOECPPUUAKTIPL	InChI=1S/C17H14O6/c18-6-5-12-13(20)4-3-11-15(22)8-16(23-17(11)12)10-2-1-9(19)7-14(10)21/h1-4,7-8,18-21H,5-6H2	null	C1=CC(=C(C=C1O)O)C2=CC(=O)C3=C(O2)C(=C(C=C3)O)CCO	2.2261045	""	COCONUT:(CNP0147216);Natural Products:(UNPD27300);SuperNatural:(SN00395861)	3178496
166	1	N/A	-282.50085021828994	C17H14O6	[M + H]+	PTOZSWMIAUAQJP	InChI=1S/C17H14O6/c1-8-11(19)7-13(22-2)15-16(21)14(23-17(8)15)6-9-3-4-10(18)12(20)5-9/h3-7,18-20H,1-2H3	6,3'',4''-Trihydroxy-4-methoxy-7-methylaurone	CC1=C2C(=C(C=C1O)OC)C(=O)C(=CC3=CC(=C(C=C3)O)O)O2	2.9000001	42607778;102438619	COCONUT:(CNP0210435);KNApSAcK:(14655);Natural Products:(UNPD121844 UNPD224342);PubChem:(42607778 102438619)	2129938
167	1	N/A	-284.1753917227027	C17H14O6	[M + H]+	FOWPKLFOIDTRMY	InChI=1S/C17H14O6/c18-13-7-12(8-14(19)10-13)5-6-23-17(22)4-2-11-1-3-15(20)16(21)9-11/h1-10,18-21H	[(Z)-2-(3,5-dihydroxyphenyl)ethenyl] (E)-3-(3,4-dihydroxyphenyl)prop-2-enoate	C1=CC(=C(C=C1C=CC(=O)OC=CC2=CC(=CC(=C2)O)O)O)O	2.59153652	5316820;9796879	COCONUT:(CNP0175790);KNApSAcK:(36174);Natural Products:(UNPD62389);PubChem:(5316820 9796879);SuperNatural:(SN00158211 SN00165589);MeSH:(5316820);PubMed	3178582
168	1	N/A	-285.2082058815651	C17H14O6	[M + H]+	DPGPKFVTLCJYMW	InChI=1S/C17H14O6/c1-21-12-6-3-9(7-13(12)22-2)8-14-15(19)10-4-5-11(18)16(20)17(10)23-14/h3-8,18,20H,1-2H3	(Z)-2-(3,4-dimethoxybenzylidene)-6,7-dihydroxybenzofuran-3(2H)-one	COC1=C(C=C(C=C1)C=C2C(=O)C3=C(O2)C(=C(C=C3)O)O)OC	2.79999995	9966608;39733987;69838507	COCONUT:(CNP0298081);PubChem:(9966608 39733987 69838507);SuperNatural:(SN00099347);ZINC bio:(ZINC32501378)	3153922
169	1	N/A	-285.966279530222	C17H14O6	[M + H]+	DZXJXYRRENIUNP	InChI=1S/C17H14O6/c1-20-13-6-16-15(22-8-23-16)5-11(13)12-7-21-14-4-9(18)2-3-10(14)17(12)19/h2-6,12,18H,7-8H2,1H3	onogenin	COC1=CC2=C(C=C1C3COC4=C(C3=O)C=CC(=C4)O)OCO2	2.5	10470862;121489015;121489016	COCONUT:(CNP0301907);KNApSAcK:(9541);Natural Products:(UNPD58033);PubChem:(10470862 121489015 121489016);SuperNatural:(SN00344505);PubMed;KEGG Mine	8593113170
170	1	N/A	-286.19574246849385	C17H14O6	[M + H]+	JRYTYXYXIADWNT	InChI=1S/C17H14O6/c1-19-14-3-9-12(4-11(14)18)20-6-10-8-2-15-16(22-7-21-15)5-13(8)23-17(9)10/h2-5,10,17-18H,6-7H2,1H3	null	COC1=C(C=C2C(=C1)C3C(CO2)C4=CC5=C(C=C4O3)OCO5)O	2.4000001	102060272	COCONUT:(CNP0287303);KNApSAcK:(19257);Natural Products:(UNPD156578);PubChem:(102060272);SuperNatural:(SN00252517)	3178514
171	1	N/A	-287.2423633153542	C17H14O6	[M + H]+	KNHUIZIJONLTBX	InChI=1S/C17H14O6/c1-10-12(7-15(22-10)17(19)20-2)9-21-13-5-3-11-4-6-16(18)23-14(11)8-13/h3-8H,9H2,1-2H3	Oprea1_871572	CC1=C(C=C(O1)C(=O)OC)COC2=CC3=C(C=C2)C=CC(=O)O3	3.0	705661	COCONUT:(CNP0348094);PubChem:(705661);SuperNatural:(SN00043053);CHEBI:(107813);ZINC bio:(ZINC00091016);PubMed	3154018
172	1	N/A	-287.43578402216974	C17H14O6	[M + H]+	CYIUCKYAAXICTI	InChI=1S/C17H14O6/c1-22-7-8-3-10-15(13(4-8)23-2)17(21)14-11(16(10)20)5-9(18)6-12(14)19/h3-6,18-19H,7H2,1-2H3	null	COCC1=CC2=C(C(=C1)OC)C(=O)C3=C(C2=O)C=C(C=C3O)O	1.92643309	""	COCONUT:(CNP0249479)	2097152
173	1	N/A	-288.21466919700106	C17H14O6	[M + H]+	GDUBLLYLIZLLNX	InChI=1S/C17H14O6/c1-19-14-4-12-9(2-11(14)18)17-10(6-20-12)8-3-15-16(22-7-21-15)5-13(8)23-17/h2-5,10,17-18H,6-7H2,1H3	2-Hydroxyhomopterocarpin	COC1=C(C=C2C3C(COC2=C1)C4=CC5=C(C=C4O3)OCO5)O	2.4000001	628772;22296124;101139176	COCONUT:(CNP0205770);KNApSAcK:(9621);Natural Products:(UNPD165434);PubChem:(628772 22296124 101139176);SuperNatural:(SN00401748);PubMed	3178578
174	1	N/A	-289.20753348078637	C17H14O6	[M + H]+	FREFMQGLULKGGU	InChI=1S/C17H14O6/c1-9-10(2)17(20)23-15-7-11(3-5-13(9)15)21-8-12-4-6-14(22-12)16(18)19/h3-7H,8H2,1-2H3,(H,18,19)	Oprea1_851427	CC1=C(C(=O)OC2=C1C=CC(=C2)OCC3=CC=C(O3)C(=O)O)C	2.5999999	751253;3295247	COCONUT:(CNP0070823 CNP0146879);PubChem:(751253 3295247);SuperNatural:(SN00044008);ZINC bio:(ZINC00200930)	3153922
175	1	N/A	-291.101130919736	C17H14O6	[M + H]+	WDBFAIPOYWBXPB	InChI=1S/C17H14O6/c1-8-4-11(18)15-13(5-8)23-17(20)10-6-9(21-2)7-12(22-3)14(10)16(15)19/h4-7,18H,1-3H3	null	CC1=CC(=C2C(=C1)OC(=O)C3=C(C2=O)C(=CC(=C3)OC)OC)O	3.29999995	53362472	COCONUT:(CNP0189857);Natural Products:(UNPD205298);PubChem:(53362472)	2129922
176	1	N/A	-292.55098081667387	C17H14O6	[M + H]+	HJWPHOMVWPXXPK	InChI=1S/C17H14O6/c1-20-10-5-11(18)17-12(19)7-14(23-16(17)6-10)9-2-3-13-15(4-9)22-8-21-13/h2-6,14,18H,7-8H2,1H3	null	COC1=CC(=C2C(=O)CC(OC2=C1)C3=CC4=C(C=C3)OCO4)O	2.52041078	""	COCONUT:(CNP0317386);Natural Products:(UNPD7314);SuperNatural:(SN00256593)	3178496
177	1	N/A	-295.19512235766905	C17H14O6	[M + H]+	YGQRBIAAYNSDPC	InChI=1S/C17H14O6/c1-19-10-5-3-9(4-6-10)14-11-7-12-15(22-8-21-12)16(20-2)13(11)17(18)23-14/h3-7,14H,8H2,1-2H3	null	COC1=CC=C(C=C1)C2C3=CC4=C(C(=C3C(=O)O2)OC)OCO4	2.79999995	129705626	COCONUT:(CNP0251840);KNApSAcK:(41323);Natural Products:(UNPD146844);PubChem:(129705626);SuperNatural:(SN00267070)	3178514
178	1	N/A	-295.5793295046731	C17H14O6	[M + H]+	UXAJJVDCDOFKCY	InChI=1S/C17H14O6/c1-19-17-11(18)3-2-8-15-10(6-20-16(8)17)9-4-13-14(22-7-21-13)5-12(9)23-15/h2-5,10,15,18H,6-7H2,1H3	4-Methoxymaackiain	COC1=C(C=CC2=C1OCC3C2OC4=CC5=C(C=C34)OCO5)O	2.4000001	5318269;44559428	COCONUT:(CNP0228051);KNApSAcK:(9623);Natural Products:(UNPD128190 UNPD89568);PubChem:(5318269 44559428);SuperNatural:(SN00159168 SN00371822);PubMed	3178578
179	1	N/A	-297.57062209347174	C17H14O6	[M + H]+	MJAIKSJQFBNFDU	InChI=1S/C17H14O6/c1-20-17-12-10(7-11-16(17)22-8-21-11)23-15(14(19)13(12)18)9-5-3-2-4-6-9/h2-7,14-15,19H,8H2,1H3	(6R,7R)-7-hydroxy-9-methoxy-6-phenyl-6,7-dihydro-[1,3]dioxolo[4,5-g]chromen-8-one	COC1=C2C(=CC3=C1OCO3)OC(C(C2=O)O)C4=CC=CC=C4	2.0999999	21721856;73829901	COCONUT:(CNP0136208);KNApSAcK:(8599);Natural Products:(UNPD19617);PubChem:(21721856 73829901);SuperNatural:(SN00294695);CHEBI:(67372)	3178546
180	1	N/A	-299.1468368774527	C17H14O6	[M + H]+	HKWHKLQNOZVEAG	InChI=1S/C17H14O6/c1-22-13-7-11(12(18)8-14(13)23-2)17(21)15(19)9-5-3-4-6-10(9)16(17)20/h3-8,18,21H,1-2H3	2-hydroxy-2-(2-hydroxy-4,5-dimethoxyphenyl)indene-1,3-dione	COC1=C(C=C(C(=C1)C2(C(=O)C3=CC=CC=C3C2=O)O)O)OC	1.89999998	3058939	PubChem:(3058939);PubChem class - safety and toxic	67108866
181	1	N/A	-299.4950992730108	C17H14O6	[M + H]+	GEVZGZXYEIXYOS	InChI=1S/C17H14O6/c1-19-16-11(18)4-2-8-10-6-20-14-9(13(10)23-15(8)16)3-5-12-17(14)22-7-21-12/h2-5,10,13,18H,6-7H2,1H3	null	COC1=C(C=CC2=C1OC3C2COC4=C3C=CC5=C4OCO5)O	2.52497053	""	COCONUT:(CNP0235499);Natural Products:(UNPD219604)	2129920
182	1	N/A	-299.84729846442735	C17H14O6	[M + H]+	ZMNZBIACDAJCIU	InChI=1S/C17H14O6/c1-19-11-3-2-8-16-10(6-20-17(8)15(11)18)9-4-13-14(22-7-21-13)5-12(9)23-16/h2-5,10,16,18H,6-7H2,1H3	Spectrum5_001636	COC1=C(C2=C(C=C1)C3C(CO2)C4=CC5=C(C=C4O3)OCO5)O	2.4000001	10638973;24042196	COCONUT:(CNP0222994);KNApSAcK:(19172);Natural Products:(UNPD1004 UNPD144972);PubChem:(10638973 24042196);SuperNatural:(SN00234078 SN00274310);PubMed	3178578
183	1	N/A	-301.1761595477793	C17H14O6	[M + H]+	UEWKZNUFVSRCET	InChI=1S/C17H14O6/c1-22-7-12-13(18)6-11-14(17(12)21)16(20)9-4-3-8(23-2)5-10(9)15(11)19/h3-6,18,21H,7H2,1-2H3	null	COCC1=C(C=C2C(=C1O)C(=O)C3=C(C2=O)C=C(C=C3)OC)O	2.29999995	91396656	COCONUT:(CNP0255706);Natural Products:(UNPD205799);PubChem:(91396656);PubMed	2129986
184	1	N/A	-301.59947387695195	C17H14O6	[M + H]+	DCTRURMZCPIWII	InChI=1S/C17H14O6/c1-9-5-16(18)23-14-7-12(3-4-13(9)14)21-8-11-6-15(17(19)20)22-10(11)2/h3-7H,8H2,1-2H3,(H,19,20)	Oprea1_112674	CC1=CC(=O)OC2=C1C=CC(=C2)OCC3=C(OC(=C3)C(=O)O)C	2.5999999	2055781;2055782	COCONUT:(CNP0205284 CNP0367319);PubChem:(2055781 2055782);SuperNatural:(SN00063844);PubMed;ZINC bio:(ZINC02482286)	3153986
185	1	N/A	-301.88251286916636	C17H14O6	[M + H]+	BDWPFAQMLPOEPG	InChI=1S/C17H14O6/c1-8-6-11(21-2)14-12(7-8)23-10-5-4-9(18)13(17(20)22-3)15(10)16(14)19/h4-7,18H,1-3H3	null	CC1=CC2=C(C(=C1)OC)C(=O)C3=C(O2)C=CC(=C3C(=O)OC)O	3.29999995	139587542	PubChem:(139587542);COCONUT:(CNP0357650)	2097154
186	1	N/A	-302.6396113849229	C17H14O6	[M + H]+	APQPPUISLRYCEH	InChI=1S/C17H14O6/c1-8-11(19)7-13-15(17(8)22-2)16(21)14(23-13)6-9-3-4-10(18)12(20)5-9/h3-7,18-20H,1-2H3	6,3'',4''-Trihydroxy-4-methoxy-5-methylaurone	CC1=C(C2=C(C=C1O)OC(=CC3=CC(=C(C=C3)O)O)C2=O)OC	2.9000001	15228043;42607777;73950875	COCONUT:(CNP0194166);KNApSAcK:(8032);Natural Products:(UNPD169318 UNPD224341);PubChem:(15228043 42607777 73950875);SuperNatural:(SN00351321)	3178514
187	1	N/A	-304.7030703505946	C17H14O6	[M + H]+	BZIWUSANDYRNLN	InChI=1S/C17H14O6/c1-21-12-4-3-9(5-13(12)22-2)6-15-17(20)16-11(19)7-10(18)8-14(16)23-15/h3-8,18-19H,1-2H3	(2Z)-2-[(3,4-dimethoxyphenyl)methylidene]-4,6-dihydroxy-1-benzofuran-3-one	COC1=C(C=C(C=C1)C=C2C(=O)C3=C(C=C(C=C3O2)O)O)OC	3.4000001	20697483;59971483;72610437	COCONUT:(CNP0189722);Natural Products:(UNPD11731);PubChem:(20697483 59971483 72610437);PubMed	2129986
188	1	N/A	-305.1581685645401	C17H14O6	[M + H]+	XEQHKMJEEORQPF	InChI=1S/C17H14O6/c1-21-12-7-10-8(6-11(12)18)4-5-9-13(10)15(20)17(23-3)16(22-2)14(9)19/h4-7,18H,1-3H3	1,4-Phenanthrenedione, 7-hydroxy-2,3,6-trimethoxy-	COC1=C(C=C2C=CC3=C(C2=C1)C(=O)C(=C(C3=O)OC)OC)O	2.70000005	14393808	COCONUT:(CNP0112341);Natural Products:(UNPD29891);PubChem:(14393808);SuperNatural:(SN00231955)	3178498
189	1	N/A	-305.36306029815825	C17H14O6	[M + H]+	TYBRCUXAHYRDGP	InChI=1S/C17H14O6/c1-20-13-3-2-9(4-12(13)18)10-6-17(19)23-14-7-16-15(5-11(10)14)21-8-22-16/h2-5,7,10,18H,6,8H2,1H3	null	COC1=C(C=C(C=C1)C2CC(=O)OC3=CC4=C(C=C23)OCO4)O	2.5	91636783;99986029;99986032	PubChem:(91636783 99986029 99986032);COCONUT:(CNP0122124)	2097154
190	1	N/A	-305.7443821364848	C17H14O6	[M + H]+	CRDVGZAQEDQODV	InChI=1S/C17H14O6/c1-20-14-4-9(2-3-12(14)18)10-6-17(19)23-13-7-16-15(5-11(10)13)21-8-22-16/h2-5,7,10,18H,6,8H2,1H3	null	COC1=C(C=CC(=C1)C2CC(=O)OC3=CC4=C(C=C23)OCO4)O	2.5	91637463;99990481;99990482	PubChem:(91637463 99990481 99990482);COCONUT:(CNP0405300)	2097154
191	1	N/A	-306.1666833323426	C17H14O6	[M + H]+	SBNXJQQXIIRHIX	InChI=1S/C17H14O6/c1-21-8-4-5-9-10(6-8)14(19)15(20)11-7-12(18)16(22-2)17(23-3)13(9)11/h4-7,18H,1-3H3	Bulbophyllanthrone	COC1=CC2=C(C=C1)C3=C(C(=C(C=C3C(=O)C2=O)O)OC)OC	2.20000005	398641	COCONUT:(CNP0191913);KNApSAcK:(15749);Natural Products:(UNPD115585);PubChem:(398641)	2129938
192	1	N/A	-308.8923730609423	C17H14O6	[M + H]+	QPVZZWBDGFERFN	InChI=1S/C17H14O6/c1-9-15(21)11(8-18)17(23)14(16(9)22)13(20)7-12(19)10-5-3-2-4-6-10/h2-6,8,21-23H,7H2,1H3	3''-Formyl-2'',4'',6'',beta-tetrahydroxy-5''-methylchalcone	CC1=C(C(=C(C(=C1O)C(=O)CC(=O)C2=CC=CC=C2)O)C=O)O	3.0	42607645	COCONUT:(CNP0230898);KNApSAcK:(7000);Natural Products:(UNPD127989);PubChem:(42607645)	2129938
193	1	N/A	-313.28148545725725	C17H14O6	[M + H]+	NLCAMZUTWGFUSW	InChI=1S/C17H14O6/c1-19-10-5-3-9(4-6-10)13-14-11(23-17(13)18)7-12-15(16(14)20-2)22-8-21-12/h3-7,13H,8H2,1-2H3	aglalactone	COC1=CC=C(C=C1)C2C3=C(C4=C(C=C3OC2=O)OCO4)OC	2.79999995	10591326	COCONUT:(CNP0249985);Natural Products:(UNPD151250);PubChem:(10591326);SuperNatural:(SN00247891);PubMed	3178562
194	1	N/A	-314.1647003691321	C17H14O6	[M + H]+	SETXMJYYYKQNSS	InChI=1S/C17H14O6/c1-9-14(22-8-15(18)19)6-5-12-11-4-3-10(21-2)7-13(11)17(20)23-16(9)12/h3-7H,8H2,1-2H3,(H,18,19)	Oprea1_199861	CC1=C(C=CC2=C1OC(=O)C3=C2C=CC(=C3)OC)OCC(=O)O	2.9000001	704612;5074307	COCONUT:(CNP0044168 CNP0361320);PubChem:(704612 5074307);SuperNatural:(SN00043034);PubMed;ZINC bio:(ZINC00088649)	3153986
195	1	N/A	-314.78935405585537	C17H14O6	[M + H]+	UCKKVYJWPOXEJX	InChI=1S/C17H14O6/c1-19-17-14-11(6-13-16(17)21-7-20-13)22-10-5-12(14)23-15-8(10)3-2-4-9(15)18/h2-4,6,10,12,18H,5,7H2,1H3	null	COC1=C2C3CC(C4=C(O3)C(=CC=C4)O)OC2=CC5=C1OCO5	2.74785066	""	COCONUT:(CNP0132833);Natural Products:(UNPD202153)	2129920
196	1	N/A	-314.90771036015116	C17H14O6	[M + H]+	ZPQXBOXNZRCPIH	InChI=1S/C17H14O6/c1-21-12-6-9(8-18)7-13-15(12)16(19)14-10(17(20)22-2)4-3-5-11(14)23-13/h3-7,18H,8H2,1-2H3	null	COC1=CC(=CC2=C1C(=O)C3=C(C=CC=C3O2)C(=O)OC)CO	2.44863486	""	COCONUT:(CNP0327309);Natural Products:(UNPD90648);SuperNatural:(SN00353864)	3178496
197	1	N/A	-315.4765445355174	C17H14O6	[M + H]+	BJYHZSNSMVEQEH	InChI=1S/C17H14O6/c1-9(18)22-17-15(21)14-12(20)7-11(19)8-13(14)23-16(17)10-5-3-2-4-6-10/h2-8,16-17,19-20H,1H3	3-Acetylpinobanksin	CC(=O)OC1C(OC2=CC(=CC(=C2C1=O)O)O)C3=CC=CC=C3	2.79999995	148556;9839825;14018799;21159119;100914185	COCONUT:(CNP0254117);KNApSAcK:(8731);Natural Products:(UNPD104412 UNPD52581 UNPD154991);PubChem:(148556 9839825 14018799 21159119 100914185);SuperNatural:(SN00351187 SN00234664 SN00264177);CHEBI:(80490);KEGG:(C16418);PubMed	3178866
198	1	N/A	-315.8255486549075	C17H14O6	[M + H]+	KZZIDFSUFCJBAK	InChI=1S/C17H14O6/c1-7-4-12(20)10(6-18)16-13(7)17(21)23-15-9(3)11(19)5-8(2)14(15)22-16/h4-6,19-20H,1-3H3	null	CC1=CC(=C(C2=C1C(=O)OC3=C(O2)C(=CC(=C3C)O)C)C=O)O	3.29999995	46209444	COCONUT:(CNP0164612);Natural Products:(UNPD20556);PubChem:(46209444)	2129922
199	1	N/A	-320.97879112336284	C17H14O6	[M + H]+	LHINKCSFCHRRBG	InChI=1S/C17H14O6/c1-2-23-7-10-12(19)6-9-14(17(10)22)15(20)8-4-3-5-11(18)13(8)16(9)21/h3-6,18-19,22H,2,7H2,1H3	null	CCOCC1=C(C=C2C(=C1O)C(=O)C3=C(C2=O)C(=CC=C3)O)O	1.94774365	""	COCONUT:(CNP0171787);Natural Products:(UNPD126305)	2129920
200	1	N/A	-323.93720895625916	C17H14O6	[M + H]+	SSUYXMUVFIRPDJ	InChI=1S/C17H14O6/c1-21-11-7-10(18)9-5-4-8-6-12(22-2)17(23-3)16(20)13(8)14(9)15(11)19/h4-7,20H,1-3H3	null	COC1=CC(=O)C2=C(C1=O)C3=C(C(=C(C=C3C=C2)OC)OC)O	2.5	25195268	COCONUT:(CNP0275686);MeSH:(25195268);Natural Products:(UNPD139822);PubChem:(25195268);PubMed	2129990
201	1	N/A	-325.8905129455857	C17H14O6	[M + H]+	BXQWVJOTBFQSHB	InChI=1S/C17H14O6/c18-10-4-1-8(2-5-10)13-15(21)14(17(23)16(13)22)9-3-6-11(19)12(20)7-9/h1-7,14,17-20,22-23H	5-(3,4-dihydroxyphenyl)-3,4-dihydroxy-2-(4-hydroxyphenyl)cyclopent-2-en-1-one	C1=CC(=CC=C1C2=C(C(C(C2=O)C3=CC(=C(C=C3)O)O)O)O)O	1.10000002	21954863;66808782;66808783	COCONUT:(CNP0241049);Natural Products:(UNPD151277 UNPD120405);PubChem:(21954863 66808782 66808783);SuperNatural:(SN00263756 SN00285524)	3178498
202	1	N/A	-326.7211663012606	C17H14O6	[M + H]+	PPDNDRVXNUNXQU	InChI=1S/C17H14O6/c1-22-12-8-7-11(13(18)14(12)23-2)17(21)15(19)9-5-3-4-6-10(9)16(17)20/h3-8,18,21H,1-2H3	2-(3,4-Dimethoxy-2-hydroxyphenyl)-2-hydroxy-1,3-indandione	COC1=C(C(=C(C=C1)C2(C(=O)C3=CC=CC=C3C2=O)O)O)OC	1.89999998	3058938	PubChem:(3058938);PubChem class - safety and toxic	67108866
203	1	N/A	-326.93714123657963	C17H14O6	[M + H]+	NYNNOJKBOCZRFQ	InChI=1S/C17H14O6/c1-4-21-16(19)11-7-10-5-6-12(18)13-8(2)22-9(3)14(13)15(10)23-17(11)20/h5-7H,4H2,1-3H3	ethyl 8,10-dimethyl-2,7-dioxofuro[1,2]cyclohepta[4,6-d]pyran-3-carboxylate	CCOC(=O)C1=CC2=C(C3=C(OC(=C3C(=O)C=C2)C)C)OC1=O	2.29999995	17635138	COCONUT:(CNP0395148);PubChem:(17635138);SuperNatural:(SN00085387);ZINC bio:(ZINC12296829)	3153922
204	1	N/A	-328.68729841828514	C17H14O6	[M + H]+	NBYCUUWXONETBY	InChI=1S/C17H14O6/c1-7-12-9(6-11(19)13(7)16(21)22)17(2,23)8-4-3-5-10(18)14(8)15(12)20/h3-6,18-19,23H,1-2H3,(H,21,22)	null	CC1=C2C(=CC(=C1C(=O)O)O)C(C3=C(C2=O)C(=CC=C3)O)(C)O	2.70000005	57509404	COCONUT:(CNP0072013);PubChem:(57509404);SuperNatural:(SN00041769 SN00041770);ZINC bio:(ZINC72320212 ZINC72320213)	3153922
205	1	N/A	-330.25403786753213	C17H14O6	[M + H]+	KYSXBHLZISVBJR	InChI=1S/C17H14O6/c1-9-15(21)11(8-18)17(23)14(16(9)22)13(20)7-12(19)10-5-3-2-4-6-10/h2-8,19,21-23H,1H3	2,4,6-trihydroxy-3-[(Z)-3-hydroxy-3-phenylprop-2-enoyl]-5-methylbenzaldehyde	CC1=C(C(=C(C(=C1O)C(=O)C=C(C2=CC=CC=C2)O)O)C=O)O	3.0	6478367	COCONUT:(CNP0045718 CNP0077868);PubChem:(6478367);SuperNatural:(SN00155628);PubMed	3145794
206	1	N/A	-330.335566004811	C17H14O6	[M + H]+	BARRXUGKUYTIQH	InChI=1S/C17H14O6/c1-19-17-15-10-5-13-14(21-7-20-13)6-12(10)22-16(15)9-3-2-8(18)4-11(9)23-17/h2-6,15-18H,7H2,1H3	Sophoracarpan B	COC1C2C(C3=C(O1)C=C(C=C3)O)OC4=CC5=C(C=C24)OCO5	2.5	14704594;21672564;23260025;131849417	COCONUT:(CNP0400372);KNApSAcK:(10011);Natural Products:(UNPD154452 UNPD187647);PubChem:(14704594 21672564 23260025 131849417);SuperNatural:(SN00276695 SN00275500)	3178514
207	1	N/A	-332.0594405991398	C17H14O6	[M + H]+	MGDQKWLRSIIJEI	InChI=1S/C17H14O6/c18-10-2-3-11-13(8-10)23-17(16(20)15(11)19)9-1-4-12-14(7-9)22-6-5-21-12/h1-4,7-8,16-18,20H,5-6H2	3,7-Dhbco	C1COC2=C(O1)C=CC(=C2)C3C(C(=O)C4=C(O3)C=C(C=C4)O)O	1.70000005	133324;10591325;21121740	MeSH:(133324 21121740);PubChem:(133324 10591325 21121740);PubMed	70
208	1	N/A	-332.38730118987536	C17H14O6	[M + H]+	NLLWAXZZCLBWDL	InChI=1S/C17H14O6/c1-21-11-6-8-4-5-9-10(18)7-12(22-2)15(19)14(9)13(8)17(23-3)16(11)20/h4-7,20H,1-3H3	calanquinone B	COC1=CC(=O)C2=C(C1=O)C3=C(C(=C(C=C3C=C2)OC)O)OC	2.5	25243457	COCONUT:(CNP0144479);Natural Products:(UNPD187059);PubChem:(25243457);SuperNatural:(SN00304226);PubMed	3178562
209	1	N/A	-332.439791355909	C17H14O6	[M + H]+	UBOOMSUOPIZYEU	InChI=1S/C17H14O6/c18-12-3-1-9(6-14(12)20)5-11-8-16(23-17(11)22)10-2-4-13(19)15(21)7-10/h1-7,16,18-21H,8H2	(3E)-3-(3,4-dihydroxybenzylidene)-5-(3,4-dihydroxyphenyl)dihydrofuran-2(3H)-one	C1C(OC(=O)C1=CC2=CC(=C(C=C2)O)O)C3=CC(=C(C=C3)O)O	2.4000001	53359462;76022565	COCONUT:(CNP0202757);Natural Products:(UNPD202028);PubChem:(53359462 76022565);PubMed;CHEBI:(68130)	2130018
210	1	N/A	-333.39843968435855	C17H14O6	[M + H]+	FKVXJHHQXPZHBC	InChI=1S/C17H14O6/c1-2-10-7-16(18)23-15-8-11(3-5-13(10)15)21-9-12-4-6-14(22-12)17(19)20/h3-8H,2,9H2,1H3,(H,19,20)	Oprea1_777275	CCC1=CC(=O)OC2=C1C=CC(=C2)OCC3=CC=C(O3)C(=O)O	2.70000005	705665;5185969	COCONUT:(CNP0045473 CNP0321051);PubChem:(705665 5185969);SuperNatural:(SN00043056);PubMed;ZINC bio:(ZINC00091030)	3153986
211	1	N/A	-334.1313446480741	C17H14O6	[M + H]+	FFCVGPRCQWKWLA	InChI=1S/C17H14O6/c1-2-11(19)7-3-9-14(12(20)4-7)17(23)15-10(16(9)22)5-8(18)6-13(15)21/h3-6,11,18-21H,2H2,1H3	Anthraquinone, 1,3,8-trihydroxy-6-(1-hydroxypropyl)-	CCC(C1=CC2=C(C(=C1)O)C(=O)C3=C(C2=O)C=C(C=C3O)O)O	2.4000001	625242;101286218	COCONUT:(CNP0149041);Natural Products:(UNPD71688 UNPD30318);PubChem:(625242 101286218);SuperNatural:(SN00389360 SN00252046);MeSH:(625242 101286218);PubMed	3178566
212	1	N/A	-335.4300906583769	C17H14O6	[M + H]+	MNGSGYQPYLOQMO	InChI=1S/C17H14O6/c1-9-3-4-11(21-9)8-15-16(18)13-6-5-12(7-14(13)23-15)22-10(2)17(19)20/h3-8,10H,1-2H3,(H,19,20)	2-[[2-[(5-methylfuran-2-yl)methylidene]-3-oxo-1-benzofuran-6-yl]oxy]propanoic acid	CC1=CC=C(O1)C=C2C(=O)C3=C(O2)C=C(C=C3)OC(C)C(=O)O	3.0999999	4839627;7094642;7094643;7094644;7094645;16404210	COCONUT:(CNP0053288 CNP0388418);PubChem:(4839627 7094642 7094643 7094644 7094645 16404210);SuperNatural:(SN00073114 SN00073113);ZINC bio:(ZINC04085048 ZINC04085049)	3153922
213	1	N/A	-335.56326830111993	C17H14O6	[M + H]+	QIGTWFBEGSWQKB	InChI=1S/C17H14O6/c1-21-14-9-4-3-7-5-8(18)6-10-11(7)12(9)15(23-17(10)20)13(19)16(14)22-2/h5-6,18-19H,3-4H2,1-2H3	null	COC1=C(C(=C2C3=C1CCC4=C3C(=CC(=C4)O)C(=O)O2)O)OC	2.99565005	""	COCONUT:(CNP0313797);Natural Products:(UNPD72428)	2129920
214	1	N/A	-338.16092942314555	C17H14O6	[M + H]+	PHSQBKCKZRQIDM	InChI=1S/C17H14O6/c1-21-15-9-4-3-7-5-8(18)6-10-11(7)12(9)13(17(20)23-10)14(19)16(15)22-2/h5-6,18-19H,3-4H2,1-2H3	null	COC1=C(C(=C2C3=C1CCC4=C3C(=CC(=C4)O)OC2=O)O)OC	3.0999999	14427337	COCONUT:(CNP0176049);KNApSAcK:(15755);Natural Products:(UNPD78);PubChem:(14427337)	2129938
215	1	N/A	-340.3687708733405	C17H14O6	[M + H]+	VRTBAPZJMJAHOL	InChI=1S/C17H14O6/c1-8-15(21)11(7-18)17-14(16(8)22)12(20)6-13(23-17)9-2-4-10(19)5-3-9/h2-5,7,13,19,21-22H,6H2,1H3	null	CC1=C(C(=C2C(=C1O)C(=O)CC(O2)C3=CC=C(C=C3)O)C=O)O	2.79999995	25155520	COCONUT:(CNP0421425);Natural Products:(UNPD126521);PubChem:(25155520);SuperNatural:(SN00397359);PubMed	3178562
216	1	N/A	-340.73718655154266	C17H14O6	[M + H]+	AAHSFWSBDAPJRG	InChI=1S/C17H14O6/c18-3-1-2-8-4-10-14(12(20)5-8)17(23)15-11(16(10)22)6-9(19)7-13(15)21/h4-7,18-21H,1-3H2	9,10-Anthracenedione, 1,3,8-trihydroxy-6-(3-hydroxypropyl)-	C1=C(C=C(C2=C1C(=O)C3=C(C2=O)C(=CC(=C3)O)O)O)CCCO	2.29999995	23265097	COCONUT:(CNP0282240);Natural Products:(UNPD66783);PubChem:(23265097);SuperNatural:(SN00305070)	3178498
217	1	N/A	-345.5176942657342	C17H14O6	[M + H]+	CLKLDTHVJNABQP	InChI=1S/C17H14O6/c1-21-10-3-5-12-14(7-10)22-8-15-17(12,20)16(19)11-4-2-9(18)6-13(11)23-15/h2-7,15,18,20H,8H2,1H3	null	COC1=CC2=C(C=C1)C3(C(CO2)OC4=C(C3=O)C=CC(=C4)O)O	1.70000005	10757612	COCONUT:(CNP0110729);Natural Products:(UNPD157381);PubChem:(10757612);SuperNatural:(SN00299159);PubMed	3178562
218	1	N/A	-346.1008367108563	C17H14O6	[M + H]+	NCKWINQVYIGFEM	InChI=1S/C17H14O6/c1-22-9-7-12(18)14(13(8-9)23-2)17(21)15(19)10-5-3-4-6-11(10)16(17)20/h3-8,18,21H,1-2H3	2-hydroxy-2-(2-hydroxy-4,6-dimethoxyphenyl)indene-1,3-dione	COC1=CC(=C(C(=C1)OC)C2(C(=O)C3=CC=CC=C3C2=O)O)O	1.89999998	3055003	PubChem:(3055003);PubChem class - safety and toxic	67108866
219	1	N/A	-346.5613181505886	C17H14O6	[M + H]+	BMVXFPUZYMJBMG	InChI=1S/C17H14O6/c1-3-20-17(19)15-10(2)22-13-7-6-11(9-12(13)15)23-16(18)14-5-4-8-21-14/h4-9H,3H2,1-2H3	Oprea1_440112	CCOC(=O)C1=C(OC2=C1C=C(C=C2)OC(=O)C3=CC=CO3)C	3.79999995	854537	COCONUT:(CNP0038589);PubChem:(854537);SuperNatural:(SN00143936);ZINC bio:(ZINC00407160)	3153922
220	1	N/A	-348.83463608644075	C17H14O6	[M + H]+	AAUGIJYOWKMARZ	InChI=1S/C17H14O6/c1-10(17(19)20-2)22-12-5-6-13-14(9-12)23-15(16(13)18)8-11-4-3-7-21-11/h3-10H,1-2H3	methyl 2-[2-(2-furylmethylene)-3-oxobenzo[3,4-b]furan-6-yloxy]propanoate	CC(C(=O)OC)OC1=CC2=C(C=C1)C(=O)C(=CC3=CC=CO3)O2	3.0	1759161;1759162;1759163;1759165;908753;908754;3776494;5919819	COCONUT:(CNP0379551);PubChem:(1759161 1759162 1759163 1759165 908753 908754 3776494 5919819);SuperNatural:(SN00075780 SN00075718);PubMed;ZINC bio:(ZINC05961511 ZINC06072814)	3153986
221	1	N/A	-349.71464296231846	C17H14O6	[M + H]+	BWUXJICJZBVRBE	InChI=1S/C17H14O6/c1-7-13-9(5-11(19)14(7)17(22)23-2)3-8-4-10(18)6-12(20)15(8)16(13)21/h3-5,18-19,21H,6H2,1-2H3	null	CC1=C(C(=CC2=CC3=C(C(=O)CC(=C3)O)C(=C12)O)O)C(=O)OC	2.18401551	""	COCONUT:(CNP0216198);Natural Products:(UNPD226117)	2129920
222	1	N/A	-353.75143689349625	C17H14O6	[M + H]+	KBDGQBZKCJWIBC	InChI=1S/C17H14O6/c1-10-3-4-12(22-10)8-15-17(19)13-6-5-11(7-14(13)23-15)21-9-16(18)20-2/h3-8H,9H2,1-2H3	methyl 2-{2-[(5-methyl(2-furyl))methylene]-3-oxobenzo[3,4-b]furan-6-yloxy}acet ate	CC1=CC=C(O1)C=C2C(=O)C3=C(O2)C=C(C=C3)OCC(=O)OC	3.0	943573;943574;3282448	COCONUT:(CNP0084469);PubChem:(943573 943574 3282448);SuperNatural:(SN00144090);ZINC bio:(ZINC00541143)	3153922
223	1	N/A	-354.13749593587085	C17H14O6	[M + H]+	UJCIKMLUVDRHOH	InChI=1S/C17H14O6/c1-22-12-7-9(8-13(23-2)14(12)18)17(21)15(19)10-5-3-4-6-11(10)16(17)20/h3-8,18,21H,1-2H3	2-hydroxy-2-(4-hydroxy-3,5-dimethoxyphenyl)indene-1,3-dione	COC1=CC(=CC(=C1O)OC)C2(C(=O)C3=CC=CC=C3C2=O)O	1.89999998	3055004	PubChem:(3055004);PubChem class - safety and toxic	67108866
224	1	N/A	-354.77370879603507	C17H14O6	[M + H]+	KNOYJILMBCRUIL	InChI=1S/C17H14O6/c1-9-7-15(18)23-16-10(2)13(6-4-12(9)16)21-8-11-3-5-14(22-11)17(19)20/h3-7H,8H2,1-2H3,(H,19,20)	null	CC1=CC(=O)OC2=C1C=CC(=C2C)OCC3=CC=C(O3)C(=O)O	2.5999999	39377460	COCONUT:(CNP0036752 CNP0287919);PubChem:(39377460);SuperNatural:(SN00098537);ZINC bio:(ZINC32123765)	3153922
225	1	N/A	-356.57555069737913	C17H14O6	[M + H]+	UVAGPWQTXXDQIY	InChI=1S/C17H14O6/c1-22-13-2-8-6-17(10(8)5-11(13)19)7-23-14-4-9(18)3-12(20)15(14)16(17)21/h2-5,18-20H,6-7H2,1H3	4'',5,7-trihydroxy-3''-methoxyspiro[2H-chromene-3,7''-bicyclo[4.2.0]octa-1,3,5-triene]-4-one	COC1=C(C=C2C(=C1)CC23COC4=CC(=CC(=C4C3=O)O)O)O	1.39999998	21676261	COCONUT:(CNP0258262);HMDB:(33255);Natural Products:(UNPD135792);PubChem:(21676261);SuperNatural:(SN00225192);PubChem class - bio and metabolites	19955722
226	1	N/A	-356.97426799180266	C17H14O6	[M + H]+	VBMFCOCJUDNSSN	InChI=1S/C17H14O6/c1-22-17(21)10-3-2-4-12-14(10)16(20)15-11(19)7-9(5-6-18)8-13(15)23-12/h2-4,7-8,18-19H,5-6H2,1H3	null	COC(=O)C1=C2C(=CC=C1)OC3=CC(=CC(=C3C2=O)O)CCO	2.5999999	139585043	COCONUT:(CNP0334300);Natural Products:(UNPD211122);PubChem:(139585043)	2129922
227	1	N/A	-358.4574518793304	C17H14O6	[M + H]+	CIUPXTYTXDYKRQ	InChI=1S/C17H14O6/c1-22-13-5-10-8(2-11(13)19)6-17(10)7-23-14-4-9(18)3-12(20)15(14)16(17)21/h2-5,18-20H,6-7H2,1H3	3'',5,7-trihydroxy-4''-methoxyspiro[2H-chromene-3,7''-bicyclo[4.2.0]octa-1,3,5-triene]-4-one	COC1=C(C=C2CC3(C2=C1)COC4=CC(=CC(=C4C3=O)O)O)O	1.39999998	21676264;102477545;122182400	COCONUT:(CNP0181221);Natural Products:(UNPD72046);PubChem:(21676264 102477545 122182400);SuperNatural:(SN00321876);PubMed	3178562
228	1	N/A	-360.0462500231151	C17H14O6	[M + H]+	RUYIVRYFIACHMY	InChI=1S/C17H14O6/c1-9-5-13(16-10(2)7-15(18)23-14(16)6-9)21-8-11-3-4-12(22-11)17(19)20/h3-7H,8H2,1-2H3,(H,19,20)	null	CC1=CC2=C(C(=CC(=O)O2)C)C(=C1)OCC3=CC=C(O3)C(=O)O	2.5999999	49652060	COCONUT:(CNP0121984 CNP0397016);PubChem:(49652060);SuperNatural:(SN00102075);ZINC bio:(ZINC40309025)	3153922
229	1	N/A	-362.4933902233284	C17H14O6	[M + H]+	BNQYBSMUHWRJPQ	InChI=1S/C17H14O6/c1-2-23-7-12-13(19)6-11-14(17(12)22)16(21)9-4-3-8(18)5-10(9)15(11)20/h3-6,18-19,22H,2,7H2,1H3	null	CCOCC1=C(C=C2C(=C1O)C(=O)C3=C(C2=O)C=C(C=C3)O)O	2.4000001	56954938	COCONUT:(CNP0190680);Natural Products:(UNPD205800);PubChem:(56954938)	2129922
230	1	N/A	-364.6781895303144	C17H14O6	[M + H]+	VGTPTOFVVKAMNS	InChI=1S/C17H14O6/c1-20-10-5-14-16-15(6-10)22-8-23-17(16)12(7-21-14)11-3-2-9(18)4-13(11)19/h2-6,18-19H,7-8H2,1H3	null	COC1=CC2=C3C(=C1)OCC(=C3OCO2)C4=C(C=C(C=C4)O)O	2.53785086	""	COCONUT:(CNP0199402);Natural Products:(UNPD169448);SuperNatural:(SN00281329)	3178496
231	1	N/A	-368.0993245527563	C17H14O6	[M + H]+	LZMRDTLRSDRUSU	InChI=1S/C17H14O6/c1-19-9-2-3-10-12(4-9)20-7-17(18)11-5-14-15(22-8-21-14)6-13(11)23-16(10)17/h2-6,16,18H,7-8H2,1H3	(+)-pisatin	COC1=CC2=C(C=C1)C3C(CO2)(C4=CC5=C(C=C4O3)OCO5)O	1.70000005	101689;107880;4484953;10687152	HMDB:(33732);SuperNatural:(SN00328773 SN00036106);ZINC bio:(ZINC01531872 ZINC06018743);additional;MeSH:(101689 107880 4484953);Plantcyc:(CPD-3944);PubMed;COCONUT:(CNP0148342 CNP0289102);KNApSAcK:(651);Natural Products:(UNPD183295 UNPD67399 UNPD207962);PubChem:(101689 107880 4484953 10687152);CHEBI:(67347);PubChem class - bio and metabolites;KEGG:(C10516);Training Set;Biocyc:(CPD-3944)	20638078
232	1	N/A	-368.50263483553294	C17H14O6	[M + H]+	NBMNGQJOPFNKKH	InChI=1S/C17H14O6/c18-11-5-1-9(2-6-11)13-14(20)16(22)17(23,15(13)21)10-3-7-12(19)8-4-10/h1-8,16,18-19,21-23H	null	C1=CC(=CC=C1C2=C(C(C(C2=O)O)(C3=CC=C(C=C3)O)O)O)O	0.909722447	""	COCONUT:(CNP0229008)	2097152
233	1	N/A	-370.6863879996028	C17H14O6	[M + H]+	BGXBFDAUOCBEMY	InChI=1S/C17H14O6/c1-9-7-13-15(17(20)22-9)12(8-14(18)23-13)10-3-5-11(6-4-10)16(19)21-2/h3-7,12H,8H2,1-2H3	null	CC1=CC2=C(C(CC(=O)O2)C3=CC=C(C=C3)C(=O)OC)C(=O)O1	1.89999998	100002974;100002979;102564966	PubChem:(100002974 100002979 102564966);COCONUT:(CNP0167870)	2097154
234	1	N/A	-370.7505855993265	C17H14O6	[M + H]+	IHZWCVFJXPHZAD	InChI=1S/C17H14O6/c1-22-9-3-13(20)15-14(4-9)23-7-17(16(15)21)6-8-2-11(18)12(19)5-10(8)17/h2-5,18-20H,6-7H2,1H3	3'',4'',5-trihydroxy-7-methoxyspiro[2H-chromene-3,7''-bicyclo[4.2.0]octa-1,3,5-triene]-4-one	COC1=CC(=C2C(=C1)OCC3(C2=O)CC4=CC(=C(C=C34)O)O)O	1.39999998	21676262	COCONUT:(CNP0198572);Natural Products:(UNPD34445);PubChem:(21676262);SuperNatural:(SN00299617)	3178498
235	1	N/A	-376.1184302146846	C17H14O6	[M + H]+	LCYTUQNPPBLNJZ	InChI=1S/C17H14O6/c1-7(18)2-8-3-10-14(12(20)4-8)17(23)15-11(16(10)22)5-9(19)6-13(15)21/h3-7,18-21H,2H2,1H3	9,10-Anthracenedione, 1,3,8-trihydroxy-6-(2-hydroxypropyl)-	CC(CC1=CC2=C(C(=C1)O)C(=O)C3=C(C2=O)C=C(C=C3O)O)O	2.4000001	23267431;51537214;51537215	COCONUT:(CNP0132415);Natural Products:(UNPD134405);PubChem:(23267431 51537214 51537215);SuperNatural:(SN00037136 SN00037137);ZINC bio:(ZINC14819806 ZINC14819808);additional;Training Set;PubMed	3727426
236	1	N/A	-377.92452106084323	C17H14O6	[M + H]+	RKHBBEAJHWGWCN	InChI=1S/C17H14O6/c1-8(18)10-6-12(20)14-13(7-10)23-17(16(22)15(14)21)9-2-4-11(19)5-3-9/h2-7,16-17,19-20,22H,1H3	7-acetyl-3,5-dihydroxy-2-(4-hydroxyphenyl)-2,3-dihydrochromen-4-one	CC(=O)C1=CC(=C2C(=C1)OC(C(C2=O)O)C3=CC=C(C=C3)O)O	1.89999998	5319405	COCONUT:(CNP0249342);PubChem:(5319405);SuperNatural:(SN00160422)	3145730
237	1	N/A	-386.11292930594084	C17H14O6	[M + H]+	WLZIRPMAPBVXLM	InChI=1S/C17H14O6/c1-9-7-13(18)16-15(22-9)12(8-14(19)23-16)10-3-5-11(6-4-10)17(20)21-2/h3-7,12H,8H2,1-2H3	null	CC1=CC(=O)C2=C(O1)C(CC(=O)O2)C3=CC=C(C=C3)C(=O)OC	1.70000005	132352394	PubChem:(132352394);COCONUT:(CNP0414394)	2097154
238	1	N/A	-388.3624887820093	C17H14O6	[M + H]+	DOEDQEULWVUKQY	InChI=1S/C17H14O6/c1-20-17-15-11-5-3-10(21-8-18)7-14(11)22-16(15)12-4-2-9(19)6-13(12)23-17/h2-8,15-17,19H,1H3	null	COC1C2C(C3=C(O1)C=C(C=C3)O)OC4=C2C=CC(=C4)OC=O	2.65437484	""	COCONUT:(CNP0190741);Natural Products:(UNPD120179);SuperNatural:(SN00233044)	3178496
239	1	N/A	-390.6049031216073	C17H14O6	[M + H]+	AGKPFEJSOYPXKB	InChI=1S/C17H14O6/c18-7-1-3-9-5-6-10-11-4-2-8-23-17(11)16(22)15(21)12(10)14(20)13(9)19/h1-6,18,21-22H,7-8H2,(H,19,20)	null	C1C=CC2=C3C=CC(=C(C(=O)C3=C(C(=C2O1)O)O)O)C=CCO	2.0999999	90474270	COCONUT:(CNP0184585);Natural Products:(UNPD165710);PubChem:(90474270);SuperNatural:(SN00256031)	3178498
240	1	N/A	-390.83086185564554	C17H14O6	[M + H]+	HRKCLRLMUHTQGG	InChI=1S/C17H14O6/c1-22-16-14(20)12(13(19)15(21)17(16)23-2)11(18)9-8-10-6-4-3-5-7-10/h3-9,19H,1-2H3	Methylpedicinin	COC1=C(C(=O)C(=C(C1=O)C(=O)C=CC2=CC=CC=C2)O)OC	2.79999995	21679829	COCONUT:(CNP0257454);KNApSAcK:(7175);Natural Products:(UNPD1683);PubChem:(21679829)	2129938
241	1	N/A	-392.3066921539722	C17H14O6	[M + H]+	BABXIGCORGQFLY	InChI=1S/C17H14O6/c1-2-20-16(18)10-22-12-5-6-13-14(8-12)23-15(17(13)19)9-11-4-3-7-21-11/h3-9H,2,10H2,1H3	ethyl 2-[2-(2-furylmethylene)-3-oxobenzo[3,4-b]furan-6-yloxy]acetate	CCOC(=O)COC1=CC2=C(C=C1)C(=O)C(=CC3=CC=CO3)O2	3.0	941686;5423525	COCONUT:(CNP0087304);PubChem:(941686 5423525);SuperNatural:(SN00147598);ZINC bio:(ZINC05180224)	3153922
242	1	N/A	-396.14262618912124	C17H14O6	[M + H]+	NVHLCBWXUVVGMN	InChI=1S/C17H14O6/c1-3-4-10-7-13(19)12(8-22-10)16-15-11(17(20)23-16)5-9(18)6-14(15)21-2/h3-8,16,18H,1-2H3	null	CC=CC1=CC(=O)C(=CO1)C2C3=C(C=C(C=C3OC)O)C(=O)O2	1.89999998	139583521	COCONUT:(CNP0284391);Natural Products:(UNPD91264);PubChem:(139583521);SuperNatural:(SN00364662)	3178498
243	1	N/A	-398.7266752559436	C17H14O6	[M + H]+	WWZGUKTVRBFEGY	InChI=1S/C17H14O6/c18-12-5-3-10(8-14(12)20)17(16(22)2-1-7-23-17)11-4-6-13(19)15(21)9-11/h1-6,8-9,18-21H,7H2	null	C1C=CC(=O)C(O1)(C2=CC(=C(C=C2)O)O)C3=CC(=C(C=C3)O)O	1.49662817	""	COCONUT:(CNP0324681);Natural Products:(UNPD87071);SuperNatural:(SN00308063)	3178496
244	1	N/A	-408.2542858217358	C17H14O6	[M + H]+	BMROQCPWMNUZGZ	InChI=1S/C17H14O6/c18-12-5-10(6-13(19)7-12)16-11(8-23-17(16)22)3-9-1-2-14(20)15(21)4-9/h1-2,4-7,18-21H,3,8H2	Eutypoid E	C1C(=C(C(=O)O1)C2=CC(=CC(=C2)O)O)CC3=CC(=C(C=C3)O)O	1.89999998	50993752	COCONUT:(CNP0202343);Natural Products:(UNPD145657);PubChem:(50993752);PubMed;CHEBI:(70167)	2130018
245	1	N/A	-408.98442661933484	C17H14O6	[M + H]+	LOWSQVFEPKSUMC	InChI=1S/C17H14O6/c1-10-13(22-9-15(18)20-2)6-5-12-16(19)14(23-17(10)12)8-11-4-3-7-21-11/h3-8H,9H2,1-2H3	methyl 2-[2-(2-furylmethylene)-7-methyl-3-oxobenzo[3,4-b]furan-6-yloxy]acetate	CC1=C(C=CC2=C1OC(=CC3=CC=CO3)C2=O)OCC(=O)OC	3.0	2029326;2029327;4891210	COCONUT:(CNP0054809);PubChem:(2029326 2029327 4891210);SuperNatural:(SN00147898);PubMed;ZINC bio:(ZINC05399421)	3153986
246	1	N/A	-410.1652498932093	C17H14O6	[M + H]+	LUSQUMHZZOJICU	InChI=1S/C17H14O6/c1-9-14(20)11(8-18)15(21)13-12(19)7-17(22,23-16(9)13)10-5-3-2-4-6-10/h2-6,8,20-22H,7H2,1H3	null	CC1=C(C(=C(C2=C1OC(CC2=O)(C3=CC=CC=C3)O)O)C=O)O	1.93153155	""	COCONUT:(CNP0313203);Natural Products:(UNPD152031);SuperNatural:(SN00277721)	3178496
247	1	N/A	-410.1652498932093	C17H14O6	[M + H]+	PTQOJHUHQGPAFD	InChI=1S/C17H14O6/c1-9-14(20)11(8-18)16-13(15(9)21)12(19)7-17(22,23-16)10-5-3-2-4-6-10/h2-6,8,20-22H,7H2,1H3	Desmal	CC1=C(C(=C2C(=C1O)C(=O)CC(O2)(C3=CC=CC=C3)O)C=O)O	2.4000001	10018499	COCONUT:(CNP0205104);Natural Products:(UNPD110149);PubChem:(10018499);SuperNatural:(SN00280151);MeSH:(10018499);PubMed	3178566
248	1	N/A	-410.48603144138843	C17H14O6	[M + H]+	OGUHVFHECGLHRF	InChI=1S/C17H14O6/c1-17(20)7-9-3-8-4-10(21-2)5-11(18)14(8)16-15(9)12(23-17)6-13(19)22-16/h3-6,18,20H,7H2,1-2H3	null	CC1(CC2=CC3=CC(=CC(=C3C4=C2C(=CC(=O)O4)O1)O)OC)O	2.20000005	132936838	MeSH:(132936838);PubChem:(132936838);PubMed	70
249	1	N/A	-421.07869430949864	C17H14O6	[M + H]+	LHDRVEYMTQTSRP	InChI=1S/C17H14O6/c1-9-6-14-16(17(19)22-9)11(8-15(18)23-14)10-2-3-12-13(7-10)21-5-4-20-12/h2-3,6-7,11H,4-5,8H2,1H3	null	CC1=CC2=C(C(CC(=O)O2)C3=CC4=C(C=C3)OCCO4)C(=O)O1	1.79999995	100004981;100004985;102565178	PubChem:(100004981 100004985 102565178);COCONUT:(CNP0315375)	2097154
250	1	N/A	-425.92223080852364	C17H14O6	[M + H]+	ULVDXYXKRNQCCO	InChI=1S/C17H14O6/c1-8(18)16-14(9-2-4-10(19)5-3-9)15-12(17(22)23-16)6-11(20)7-13(15)21/h2-7,14,16,19-21H,1H3	Phayomphenol A1	CC(=O)C1C(C2=C(C=C(C=C2O)O)C(=O)O1)C3=CC=C(C=C3)O	2.0	57391943;57398919;102487298;102487299	COCONUT:(CNP0196810);Natural Products:(UNPD205793 UNPD205794);PubChem:(57391943 57398919 102487298 102487299);PubMed	2129986
251	1	N/A	-427.70736975759337	C17H14O6	[M + H]+	JIYYREVJSFXTSG	InChI=1S/C17H14O6/c18-6-9-1-2-10-12(3-9)20-7-17(19)11-4-14-15(22-8-21-14)5-13(11)23-16(10)17/h1-5,16,18-19H,6-8H2	null	C1C2(C(C3=C(O1)C=C(C=C3)CO)OC4=CC5=C(C=C42)OCO5)O	0.800000012	9543464	PubChem:(9543464);PubChem class - bio and metabolites	16777218
252	1	N/A	-440.5329823818585	C17H14O6	[M + H]+	UJWXDHBTYAGSML	InChI=1S/C17H14O6/c18-12-5-1-10(2-6-12)9-17(22)14(15(20)16(21)23-17)11-3-7-13(19)8-4-11/h1-8,18-20,22H,9H2	null	C1=CC(=CC=C1CC2(C(=C(C(=O)O2)O)C3=CC=C(C=C3)O)O)O	1.79999995	122204306	PubChem:(122204306);COCONUT:(CNP0336686)	2097154
253	1	N/A	-441.968533056269	C17H14O6	[M + H]+	WWSYXEZEXMQWHT	InChI=1S/C17H14O6/c1-20-10-6-11-14(8-4-5-21-17(8)22-11)15-13(10)7-2-3-9(18)12(7)16(19)23-15/h6,8,17H,2-5H2,1H3	AmbotzLS-1006	COC1=C2C3=C(C(=O)CC3)C(=O)OC2=C4C5CCOC5OC4=C1	1.29999995	23648;2724360;6951052;10979934;15558492;15558493;46780093;71312443;133688922	HMDB:(35208);SuperNatural:(SN00269766);ZINC bio:(ZINC00402720 ZINC00402721 ZINC00402722);additional;HSDB:(7220-81-7);MeSH:(23648 2724360);PubMed;NORMAN:(NS00002752);COCONUT:(CNP0153037);KNApSAcK:(23617);Natural Products:(UNPD104115 UNPD171411);PubChem:(23648 2724360 6951052 10979934 15558492 15558493 46780093 71312443 133688922);CHEBI:(48209);PubChem class - bio and metabolites;KEGG:(C16753);PubChem class - safety and toxic;Training Set;Biocyc:(CPD-10177)	87878526
254	1	N/A	-457.47808330383447	C17H14O6	[M + H]+	FBIOTKKGJNFUMI	InChI=1S/C17H14O6/c1-19-9-6-8-4-5-10-13-12(8)11(7-9)22-17(21-3)15(20-2)14(13)23-16(10)18/h4-7,17H,1-3H3	null	COC1C(=C2C3=C(C=CC4=CC(=CC(=C43)O1)OC)C(=O)O2)OC	2.4000001	11045244;139040040	COCONUT:(CNP0229515);Natural Products:(UNPD23047);PubChem:(11045244 139040040);SuperNatural:(SN00374518);MeSH:(11045244);PubMed	3178566
255	1	N/A	-507.14216820287453	C17H14O6	[M + H]+	WYIWLDSPNDMZIT	InChI=1S/C17H14O6/c1-20-10-6-11-14(8-4-5-21-17(8)22-11)15-13(10)7-2-3-9(18)12(7)16(19)23-15/h4-6,8-9,17-18H,2-3H2,1H3	Aflatoxin R0	COC1=C2C3=C(C(CC3)O)C(=O)OC2=C4C5C=COC5OC4=C1	1.20000005	104744;628754;151740;5284338;10470866;53297443;100921415	NORMAN:(NS00028733);COCONUT:(CNP0239708);KNApSAcK:(23625);Natural Products:(UNPD20198 UNPD36194);PubChem:(104744 628754 151740 5284338 10470866 53297443 100921415);SuperNatural:(SN00311511 SN00314110);CHEBI:(82578);MeSH:(104744);KEGG:(C19584);PubChem class - safety and toxic;PubMed	70549878